City;y00;y01;y02;y03;y04;y05;y06;y07;y08;y09;y10;y11
Ackley;1815;1811;1788;1760;1739;1711;1694;1677;1672;1648;1589;1589
Ackworth;89;103;105;105;106;108;115;116;116;116;83;83
Adair;836;817;808;798;778;754;731;722;709;701;781;781
Adel;3458;3575;3624;3692;3929;4125;4010;4113;4272;4321;3682;3682
Afton;914;910;904;875;883;881;884;888;894;898;845;845
Agency;622;610;616;658;643;642;639;632;629;629;638;638
Ainsworth;526;533;533;535;536;537;536;536;536;535;567;567
Akron;1489;1478;1448;1447;1465;1445;1431;1419;1411;1401;1486;1486
Albert City;706;698;701;690;680;681;684;682;681;684;699;699
Albia;3760;3723;3657;3666;3654;3625;3593;3548;3545;3529;3766;3766
Albion;592;592;583;578;572;566;563;567;564;565;505;505
Alburnett;557;559;560;529;529;541;545;547;547;547;673;673
Alden;902;892;874;860;858;839;830;825;816;783;787;787
Alexander;165;163;164;163;161;161;159;160;159;158;175;175
Algona;5735;5636;5566;5512;5498;5446;5368;5304;5243;5227;5560;5560
Alleman;438;438;431;425;422;427;423;421;426;433;432;432
Allerton;559;554;555;554;552;547;543;534;533;534;501;501
Allison;1005;978;958;974;965;950;944;948;941;896;1029;1029
Alta;1859;1836;1844;1834;1815;1833;1831;1827;1844;1862;1883;1883
Alta Vista;285;284;278;272;270;265;265;265;262;260;266;266
Alton;1102;1096;1088;1090;1098;1097;1102;1104;1115;1115;1216;1216
Altoona;10449;10664;10997;11388;12038;12936;13447;13768;14066;14397;14541;14541
Alvord;187;186;186;184;184;184;182;178;176;175;196;196
Ames;50927;50697;51990;52021;52477;52415;53838;55392;55911;56657;58965;58965
Anamosa;5503;5573;5515;5582;5598;5624;5666;5714;5749;5745;5533;5533
Andover;87;87;86;87;86;86;86;85;84;84;103;103
Andrew;460;455;453;452;448;448;443;438;434;431;434;434
Anita;1049;1045;1017;1020;1158;1143;1140;1136;1130;1126;972;972
Ankeny;27584;28315;29521;30740;34555;36039;38669;40578;41752;42648;45582;45582
Anthon;648;645;643;638;636;625;626;623;629;634;565;565
Aplington;1057;1037;1018;1007;1014;1007;997;995;998;954;1128;1128
Arcadia;444;443;441;432;424;421;425;431;432;439;484;484
Archer;126;124;123;122;120;119;119;117;115;115;131;131
Aredale;89;87;86;85;83;83;82;82;75;70;74;74
Arion;136;137;136;116;115;116;113;113;112;106;108;108
Arispe;89;88;91;88;90;90;92;93;95;96;100;100
Arlington;490;484;481;478;472;472;466;456;451;449;429;429
Armstrong;973;930;919;912;900;898;888;881;882;867;926;926
Arnolds Park;1202;1196;1187;1185;1219;1238;1260;1272;1288;1332;1126;1126
Arthur;244;238;234;230;224;220;214;212;209;204;206;206
Asbury;2483;2579;2696;2978;3168;3352;3601;3745;3909;4022;4170;4192
Ashton;460;459;452;451;447;436;432;423;423;417;458;458
Aspinwall;67;66;66;66;66;66;65;65;64;64;40;40
Atalissa;313;319;316;312;308;309;308;307;305;306;311;311
Atkins;998;1044;1083;1133;1226;1330;1422;1516;1560;1588;1670;1670
Atlantic;7254;7156;7036;7036;6900;6800;6797;6767;6752;6728;7112;7112
Auburn;298;296;285;282;280;276;275;270;267;265;322;322
Audubon;2385;2338;2300;2251;2232;2183;2160;2152;2149;2120;2176;2176
Aurelia;1061;1041;1016;993;973;961;949;943;926;919;1036;1036
Aurora;194;192;191;191;183;182;183;183;183;181;185;185
Avoca;1607;1592;1584;1574;1556;1525;1516;1507;1508;1511;1506;1506
Ayrshire;201;198;193;187;185;183;180;179;176;175;143;143
Badger;609;600;589;581;587;580;578;574;571;572;561;561
Bagley;352;345;342;342;341;332;328;321;318;313;303;303
Baldwin;127;126;124;123;122;129;136;134;134;135;109;109
Balltown;79;79;79;79;82;69;72;72;71;71;68;68
Bancroft;806;792;775;769;755;749;737;729;720;714;732;732
Bankston;27;27;27;27;27;26;26;26;26;26;25;25
Barnes City;227;226;223;222;223;223;222;222;222;221;176;176
Barnum;196;195;197;194;192;195;194;192;191;191;191;191
Bassett;74;74;73;72;71;70;70;69;69;68;66;66
Batavia;500;497;488;487;487;483;479;480;474;475;499;499
Battle Creek;741;730;720;719;705;697;669;661;660;645;713;713
Baxter;1055;1048;1056;1061;1051;1045;1040;1042;1039;1032;1101;1101
Bayard;535;518;519;521;522;510;501;481;477;470;471;471
Beacon;529;529;528;525;527;533;528;527;526;522;494;494
Beaconsfield;11;11;11;11;11;11;10;10;10;10;15;15
Beaman;210;206;201;195;185;181;178;173;172;172;191;191
Beaver;53;53;52;52;52;52;52;51;51;50;48;48
Bedford;1624;1603;1582;1560;1537;1506;1509;1481;1467;1470;1440;1440
Belle Plaine;2876;2863;2890;2863;2889;2876;2845;2823;2826;2833;2534;2534
Bellevue;2360;2382;2360;2338;2307;2297;2288;2329;2313;2302;2191;2191
Belmond;2558;2505;2487;2459;2437;2397;2357;2331;2294;2269;2376;2376
Bennett;395;390;387;383;374;370;367;364;363;360;405;405
Benton;40;39;38;40;39;38;38;38;37;35;41;41
Berkley;24;24;24;24;27;27;27;27;27;26;32;32
Bernard;102;102;102;101;101;100;99;99;98;98;112;112
Bertram;268;267;269;265;262;270;269;274;282;281;294;294
Bettendorf;31295;31323;31399;31357;31449;31714;32157;32412;32703;33175;33217;33217
Bevington;61;62;62;63;63;62;62;61;61;60;63;63
Birmingham;424;420;421;421;420;419;420;422;422;421;448;448
Blairsburg;234;229;229;225;225;223;221;218;214;217;215;215
Blairstown;682;695;700;696;699;696;690;686;688;689;692;692
Blakesburg;371;370;367;369;364;361;357;354;352;350;296;296
Blanchard;61;60;59;59;64;64;64;63;61;60;38;38
Blencoe;230;223;221;220;215;210;206;203;200;197;224;224
Blockton;192;191;189;187;186;184;183;180;170;170;192;192
Bloomfield;2603;2597;2602;2555;2570;2544;2558;2569;2570;2565;2640;2639
Blue Grass;1170;1165;1177;1229;1255;1301;1313;1375;1403;1425;1452;1452
Bode;326;322;317;314;313;309;308;303;300;296;302;302
Bonaparte;458;453;449;444;449;444;444;446;445;444;433;433
Bondurant;1871;1939;1974;2016;2160;2232;2454;2581;2839;3004;3860;3860
Boone;12810;12689;12725;12716;12732;12684;12599;12581;12526;12479;12661;12661
Bouton;137;140;140;141;147;153;146;148;156;157;129;129
Boxholm;215;213;210;209;207;206;203;202;199;197;195;195
Boyden;696;697;690;689;683;677;681;681;685;689;707;707
Braddyville;175;175;171;170;170;169;169;166;163;162;159;159
Bradgate;101;98;96;94;93;96;96;94;93;91;86;86
Brandon;310;308;317;317;313;312;329;329;329;326;309;309
Brayton;135;130;127;157;140;137;135;134;133;131;128;128
Breda;475;469;465;458;452;453;448;448;444;443;483;483
Bridgewater;174;170;168;167;167;164;163;161;158;156;182;182
Brighton;689;699;692;687;684;680;677;676;677;675;652;652
Bristow;202;196;200;196;200;197;193;190;189;160;160;160
Britt;2049;2005;1981;1988;1997;1980;1945;1912;1890;1858;2069;2069
Bronson;271;274;272;273;277;276;283;283;282;286;322;322
Brooklyn;1368;1379;1365;1367;1393;1357;1357;1365;1341;1336;1468;1468
Brunsville;146;145;143;144;144;143;141;139;138;137;151;151
Buckeye;110;110;108;108;100;99;97;97;96;94;108;108
Buck Grove;49;49;49;49;51;53;52;52;52;51;43;43
Buffalo;1384;1375;1362;1348;1338;1331;1328;1329;1335;1346;1270;1270
Buffalo Center;962;936;919;912;891;884;861;845;835;830;905;905
Burlington;26775;26411;25979;25774;25411;25192;25165;25288;25383;25527;25663;25663
Burt;554;543;534;527;520;515;505;498;491;487;533;533
Bussey;450;450;444;449;448;448;444;440;438;435;422;422
Calamus;393;391;392;392;394;401;402;397;395;395;439;439
Callender;432;434;433;433;431;433;431;429;427;426;376;376
Calmar;1062;1079;1073;1061;1052;1041;1029;1023;1010;999;978;978
Calumet;180;177;173;170;160;157;156;153;151;151;170;170
Camanche;4210;4197;4187;4173;4210;4224;4243;4258;4266;4268;4448;4448
Cambridge;827;828;824;815;811;804;801;800;807;811;827;827
Cantril;257;255;255;255;254;253;254;255;255;254;222;222
Carbon;28;27;24;24;24;23;23;23;22;22;34;34
Carlisle;3589;3550;3544;3565;3563;3564;3621;3672;3690;3726;3876;3876
Carpenter;130;130;130;130;131;130;131;130;130;129;109;109
Carroll;10067;10007;9971;9906;9929;9971;9904;9919;9869;9877;10103;10103
Carson;666;655;652;690;688;689;702;706;711;715;812;812
Carter Lake;3253;3243;3256;3269;3275;3254;3260;3231;3208;3208;3785;3785
Cascade;1974;1974;1975;1987;2025;2016;2099;2120;2127;2146;2159;2159
Casey;476;466;464;464;417;407;401;394;395;389;426;426
Castalia;158;157;157;154;156;156;156;160;163;161;173;173
Castana;178;174;172;173;171;168;165;163;160;158;147;147
Cedar Falls;36202;36259;36061;36039;36234;36477;37019;37450;38215;38714;39260;39260
Cedar Rapids;121836;122764;123346;122946;122932;123965;124717;126132;127202;127764;126326;126326
Center Junction;133;129;127;126;124;121;116;115;114;113;111;111
Center Point;2023;2071;2121;2161;2193;2232;2262;2296;2325;2321;2421;2421
Centerville;5909;5821;5734;5771;5688;5644;5576;5458;5406;5367;5528;5530
Central City;1155;1159;1161;1161;1149;1144;1160;1169;1174;1172;1257;1257
Centralia;101;101;101;100;100;99;98;98;98;98;134;134
Chariton;4585;4578;4563;4547;4594;4563;4490;4476;4422;4348;4321;4321
Charles City;7790;7680;7652;7604;7584;7540;7551;7487;7403;7346;7652;7652
Charlotte;422;425;421;417;417;416;412;441;437;435;394;394
Charter Oak;528;522;517;513;517;513;505;503;498;496;502;502
Chatsworth;89;88;90;89;88;89;89;87;87;83;79;79
Chelsea;286;283;280;280;280;277;273;273;270;267;267;265
Cherokee;5354;5283;5148;5053;5022;4934;4826;4788;4708;4673;5253;5253
Chester;151;149;147;146;142;141;139;138;138;136;127;127
Chillicothe;89;90;90;90;87;86;86;84;84;83;97;97
Churdan;416;407;403;396;389;382;373;369;364;359;386;386
Cincinnati;427;421;405;407;399;396;381;370;365;360;357;357
Clare;190;187;184;181;177;175;175;173;172;172;146;146
Clarence;1015;1011;1007;995;981;977;971;962;962;956;974;974
Clarinda;5673;5748;5570;5469;5450;5499;5574;5571;5353;5301;5572;5572
Clarion;2960;2909;2870;2816;2821;2799;2770;2742;2707;2671;2850;2850
Clarksville;1440;1413;1392;1382;1386;1368;1349;1341;1335;1272;1439;1439
Clayton;55;55;55;54;53;53;52;52;51;51;43;43
Clear Lake;8176;8089;8021;8012;7926;7871;7814;7819;7796;7786;7777;7777
Clearfield;376;373;372;363;363;362;363;359;352;351;363;363
Cleghorn;250;247;243;241;239;236;231;228;224;222;240;240
Clemons;148;148;147;147;147;146;145;145;145;145;148;148
Clermont;711;705;703;701;688;693;688;679;679;683;632;632
Clinton;27700;27571;27360;27172;26990;26829;26779;26606;26562;26459;26885;26885
Clio;91;88;87;86;79;75;73;71;71;71;80;80
Clive;12995;13379;13653;13783;13587;13961;14113;14442;15181;15469;15447;15447
Clutier;229;228;228;228;230;228;225;223;221;219;213;213
Coburg;31;31;30;30;30;31;30;30;29;29;42;42
Coggon;749;740;733;719;714;705;705;708;709;711;658;658
Coin;251;247;241;236;209;207;206;202;198;193;193;193
Colesburg;411;405;402;396;388;383;382;380;375;371;404;404
Colfax;2228;2215;2212;2205;2216;2195;2218;2212;2202;2186;2093;2093
College Springs;246;244;240;238;236;237;235;232;227;222;214;214
Collins;499;495;495;490;483;476;474;475;478;480;495;495
Colo;862;855;872;866;863;853;855;854;866;869;876;876
Columbus City;376;377;376;373;369;359;357;354;351;335;391;391
Columbus Junction;1897;1893;1899;1888;1867;1821;1831;1833;1837;1783;1899;1899
Colwell;76;75;76;76;75;75;75;74;73;73;73;73
Conesville;426;430;427;425;451;448;445;442;438;439;432;432
Conrad;1055;1050;1045;1019;1006;997;999;986;988;995;1108;1108
Conway;63;63;62;62;62;61;61;60;59;59;41;41
Coon Rapids;1300;1300;1314;1289;1255;1253;1245;1253;1242;1238;1305;1305
Coppock;64;64;65;65;65;65;64;64;64;63;47;47
Coralville;15214;16016;16764;17087;17570;17788;18063;18347;18667;18827;18907;18907
Corning;1783;1750;1729;1721;1687;1644;1633;1618;1596;1555;1635;1635
Correctionville;852;856;860;864;861;853;846;842;848;855;821;821
Corwith;349;340;334;333;329;325;319;313;310;304;309;309
Corydon;1588;1552;1543;1527;1505;1485;1492;1466;1455;1459;1585;1585
Cotter;48;48;48;48;48;47;47;47;46;44;48;48
Coulter;261;259;260;258;256;256;253;254;252;251;281;281
Council Bluffs;58346;58291;58450;58341;59062;59453;59672;59944;60318;60391;62230;62228
Craig;102;101;100;100;100;99;98;97;96;95;89;89
Crawfordsville;296;300;299;300;301;301;301;300;300;300;264;264
Crescent;519;514;512;600;598;591;612;607;637;709;617;617
Cresco;3899;3870;3843;3793;3768;3742;3717;3704;3703;3698;3868;3868
Creston;7570;7517;7418;7331;7331;7344;7384;7427;7497;7556;7834;7834
Cromwell;120;119;119;116;117;117;117;118;119;120;107;107
Crystal Lake;285;279;275;274;271;267;262;259;256;252;250;250
Cumberland;281;276;253;255;250;247;246;246;244;243;262;262
Cumming;167;177;185;207;225;250;275;299;309;315;351;351
Curlew;62;61;60;59;59;59;58;58;57;56;58;58
Cushing;246;243;241;238;240;235;236;235;236;239;220;220
Cylinder;110;108;105;102;101;100;98;99;98;99;88;88
Dakota City;908;894;874;859;850;835;833;820;828;820;843;843
Dallas Center;1606;1655;1671;1694;1798;1580;1538;1591;1677;1699;1623;1623
Dana;84;83;82;82;82;81;79;78;77;76;71;71
Danbury;384;380;376;328;327;321;326;324;325;328;348;348
Danville;914;914;899;900;858;849;847;852;856;864;934;934
Davenport;98228;97787;97430;97613;97880;98282;98812;98814;100181;101335;99685;99685
Davis City;274;273;272;273;255;255;253;250;249;250;204;204
Dawson;157;168;178;188;206;163;151;153;158;158;131;131
Dayton;886;881;864;851;843;833;829;822;820;820;837;837
Decatur City;198;199;198;199;192;192;191;188;186;187;197;197
Decorah;8166;8139;8033;7959;7987;7965;7909;7896;7799;7765;8127;8127
Dedham;278;271;266;256;247;243;234;229;226;224;266;266
Deep River;288;287;286;287;282;278;277;275;272;269;279;279
Defiance;346;345;338;338;334;328;325;321;314;308;284;284
Delaware;188;188;188;187;188;186;185;184;182;180;159;159
Delhi;457;451;452;457;499;497;495;496;490;489;460;460
Delmar;511;510;510;504;499;498;489;489;486;484;525;525
Deloit;287;285;287;285;285;285;283;282;280;279;264;264
Delphos;25;24;24;24;26;25;24;24;24;24;25;25
Delta;411;411;412;412;407;402;396;396;393;391;328;328
Denison;7339;7354;7348;7313;7275;7242;7217;7238;7182;7187;8298;8298
Denver;1620;1615;1593;1596;1636;1624;1626;1629;1613;1604;1780;1780
Derby;131;132;133;134;137;137;136;135;133;131;115;115
Des Moines;199607;200500;198652;197106;193574;194362;194880;195701;197639;200538;203433;203433
De Soto;1016;1050;1079;1093;1151;1195;1146;1165;1210;1216;1050;1050
De Witt;5044;5011;5021;5144;5173;5214;5245;5243;5254;5243;5322;5322
Dexter;699;724;733;748;791;827;790;810;857;862;611;611
Diagonal;312;308;303;305;303;296;291;289;287;278;330;330
Dickens;202;200;196;194;192;190;189;187;186;185;185;185
Dike;952;961;998;1088;1118;1149;1146;1127;1135;1148;1209;1209
Dixon;272;269;267;282;258;257;259;261;246;249;247;247
Dolliver;77;76;75;74;73;72;71;71;62;60;66;66
Donahue;292;292;290;287;287;286;288;290;293;323;346;346
Donnellson;962;948;937;918;916;902;895;883;886;891;912;912
Doon;532;528;527;525;524;524;519;515;518;519;577;577
Dougherty;80;80;79;79;79;78;77;77;76;76;58;58
Dow City;504;505;504;505;503;463;458;457;454;456;510;510
Dows;673;658;614;602;595;584;572;565;558;551;538;538
Drakesville;185;184;185;218;218;215;215;217;217;216;184;184
Dubuque;57696;57222;56946;57385;57302;57252;57003;57209;57163;57241;57637;57637
Dumont;676;656;651;644;649;643;640;635;629;600;637;637
Duncombe;473;489;482;470;466;460;458;455;451;450;410;410
Dundee;179;177;177;175;173;172;171;170;168;166;174;174
Dunkerton;754;761;770;783;785;772;791;798;807;815;852;852
Dunlap;1139;1125;1105;1093;1083;1084;1122;1107;1083;1084;1042;1042
Durango;24;24;24;23;23;23;22;22;22;22;22;22
Durant;1603;1593;1601;1599;1726;1634;1680;1695;1697;1704;1832;1832
Dyersville;4050;4001;4119;4141;4076;4121;4135;4167;4153;4182;4058;4058
Dysart;1301;1300;1306;1288;1302;1288;1281;1273;1267;1255;1379;1379
Eagle Grove;3706;3631;3571;3525;3496;3455;3397;3351;3301;3257;3583;3583
Earlham;1300;1314;1304;1305;1301;1302;1313;1333;1331;1323;1450;1450
Earling;471;467;462;463;459;446;443;437;433;427;437;437
Earlville;899;884;873;865;855;844;844;839;829;820;812;812
Early;608;599;572;556;548;535;531;522;514;506;557;557
East Peru;153;151;154;153;155;153;153;152;144;142;125;125
Eddyville;1065;1066;1066;1060;1065;1063;1058;1052;1051;1049;1024;1024
Edgewood;920;918;914;904;895;890;900;900;895;887;864;864
Elberon;245;244;244;244;240;237;234;232;229;227;196;196
Eldon;999;999;998;991;976;967;966;950;953;956;927;927
Eldora;3035;3003;2976;2901;2859;2821;2782;2759;2746;2710;2732;2732
Eldridge;4219;4431;4734;4651;4586;4459;4594;4816;4881;4948;5651;5651
Elgin;676;667;662;655;648;645;638;624;616;614;683;683
Elk Horn;648;636;631;620;612;598;595;605;607;607;662;662
Elk Run Heights;1050;1045;1054;1085;1077;1083;1076;1068;1073;1081;1117;1117
Elkader;1464;1463;1427;1409;1399;1376;1370;1354;1343;1331;1273;1273
Elkhart;362;364;367;370;354;421;465;462;463;468;683;683
Elkport;112;111;109;107;106;105;104;102;101;100;37;37
Elliott;403;392;385;380;378;378;374;367;361;361;350;350
Ellston;57;56;55;56;55;54;53;53;52;52;43;43
Ellsworth;530;535;537;537;530;527;528;521;510;506;531;531
Elma;596;602;586;574;576;572;565;561;561;565;546;546
Ely;1157;1210;1251;1320;1435;1459;1508;1550;1575;1618;1776;1776
Emerson;480;475;479;476;478;483;492;490;487;481;438;438
Emmetsburg;3901;3871;3805;3723;3708;3667;3629;3632;3591;3578;3904;3904
Epworth;1484;1500;1529;1561;1595;1569;1581;1591;1613;1631;1860;1860
Essex;880;873;854;843;830;825;819;809;798;776;798;798
Estherville;6620;6564;6530;6459;6334;6313;6252;6242;6267;6193;6360;6360
Evansdale;4523;4484;4456;4447;4530;4924;4948;4966;5025;5068;4751;4751
Everly;648;651;651;655;647;641;636;630;628;624;603;603
Exira;806;808;791;774;767;751;742;731;723;713;840;840
Exline;191;190;188;133;171;171;168;165;162;161;160;160
Fairbank;1050;1041;1030;1030;1021;1017;1019;1017;1079;1073;1113;1113
Fairfax;964;1075;1206;1293;1424;1503;1600;1756;1869;1950;2123;2123
Fairfield;9592;9511;9418;9356;9302;9214;9207;9252;9178;9201;9464;9464
Farley;1346;1346;1358;1355;1369;1396;1402;1416;1422;1436;1537;1537
Farmersburg;298;294;287;283;282;279;276;275;271;270;302;302
Farmington;755;742;737;729;724;717;717;721;719;719;664;664
Farnhamville;429;420;409;401;397;374;368;361;357;349;371;371
Farragut;508;498;483;479;472;467;464;467;459;452;485;485
Fayette;1349;1313;1281;1296;1328;1296;1294;1288;1329;1329;1338;1338
Fenton;315;305;290;282;280;273;269;263;259;256;279;279
Ferguson;126;126;123;123;123;122;121;121;121;121;126;126
Fertile;362;361;360;355;353;353;348;349;349;346;370;370
Floris;153;155;155;154;155;154;154;154;154;153;138;138
Floyd;360;358;355;353;340;337;339;340;333;333;335;335
Fonda;644;633;620;608;584;579;569;566;559;550;631;631
Fontanelle;689;696;682;680;679;650;655;644;627;617;672;672
Forest City;4396;4363;4202;4214;4184;4199;4116;4053;4003;3964;4151;4151
Fort Atkinson;388;387;385;376;375;372;367;365;360;356;349;349
Fort Dodge;26297;26205;25984;25786;25495;25211;25200;25161;25125;25083;25206;25206
Fort Madison;11635;11396;11215;11158;11184;11039;10999;10984;10887;10870;11051;11051
Fostoria;230;231;230;231;236;237;241;240;239;238;231;231
Franklin;135;133;131;128;127;126;127;125;124;126;143;143
Fraser;137;139;136;136;118;120;118;118;116;115;102;102
Fredericksburg;981;974;948;924;897;880;878;874;869;893;931;931
Frederika;199;198;195;196;194;193;192;191;189;188;183;183
Fredonia;252;224;226;227;227;223;222;220;217;206;244;244
Fremont;709;705;702;697;682;685;679;678;677;673;743;743
Fruitland;712;732;742;760;857;843;859;883;942;951;977;977
Galt;30;30;29;29;29;29;28;28;28;27;32;32
Galva;366;357;351;344;335;312;301;299;296;294;434;434
Garber;103;102;96;95;77;76;75;74;73;72;88;88
Garden Grove;248;248;248;249;236;242;241;237;240;240;211;211
Garnavillo;750;738;729;758;750;740;734;728;722;714;745;745
Garner;2929;2936;2914;2934;2897;2935;2940;2918;2920;2877;3129;3129
Garrison;413;415;420;421;424;410;406;402;402;403;371;371
Garwin;564;561;557;553;557;549;543;538;532;525;527;527
Geneva;171;172;173;174;173;176;174;173;172;159;165;165
George;1048;1039;1028;1014;1004;993;981;969;957;954;1080;1080
Gibson;92;92;92;75;74;73;72;72;71;71;61;61
Gilbert;994;1006;1003;1002;1033;1028;1045;1043;1063;1080;1082;1082
Gilbertville;767;762;756;716;769;705;717;728;734;742;712;712
Gillett Grove;55;54;53;55;59;59;58;58;54;54;49;49
Gilman;600;594;587;581;575;568;562;562;560;559;509;509
Gilmore City;553;541;534;527;518;506;499;493;488;481;504;504
Gladbrook;1014;1015;1001;1014;1036;1020;1010;986;991;980;945;945
Glenwood;5396;5349;5364;5332;5461;5516;5623;5654;5681;5656;5269;5269
Glidden;1279;1270;1255;1254;1242;1219;1212;1206;1205;1202;1146;1146
Goldfield;679;666;653;642;635;630;621;613;606;600;635;635
Goodell;174;171;169;170;150;149;146;143;142;139;139;139
Goose Lake;231;229;235;233;234;235;234;232;233;232;240;240
Gowrie;1041;1052;1042;1063;1045;1036;1031;1023;1011;1011;1037;1037
Graettinger;900;893;878;856;860;853;842;842;835;831;844;844
Graf;73;73;74;74;74;74;74;74;74;74;79;79
Grafton;290;288;289;289;290;285;281;280;279;267;252;252
Grand Junction;961;945;941;928;918;906;883;874;857;846;824;824
Grand Mound;676;675;674;667;660;656;655;648;644;641;642;642
Grand River;231;235;223;193;192;192;191;189;187;188;236;236
Grandview;611;610;620;620;604;592;592;594;592;566;556;556
Granger;649;669;692;684;852;1007;1045;1103;1172;1230;1244;1244
Grant;102;100;98;96;96;96;95;93;92;91;92;92
Granville;325;327;325;319;316;318;319;321;318;316;312;312
Gravity;219;216;214;213;211;208;209;205;202;202;188;188
Gray;82;80;79;78;78;77;76;75;75;74;63;63
Greeley;276;274;273;270;268;265;263;262;259;256;256;256
Greene;1096;1079;1063;1057;996;989;984;977;974;928;1130;1130
Greenfield;2117;2068;2024;2011;1980;1952;1933;1913;1875;1851;1982;1982
Greenville;93;92;90;89;88;86;86;85;84;84;75;75
Grimes;5125;5260;5309;5513;5815;6536;6963;7821;8418;8794;8246;8246
Grinnell;9101;9092;9053;9127;9204;9193;9172;9206;9116;9064;9218;9218
Griswold;1037;1016;1003;1003;974;965;959;956;948;941;1036;1036
Grundy Center;2605;2623;2616;2565;2567;2568;2562;2507;2505;2524;2706;2706
Gruver;105;104;102;101;99;98;97;96;96;94;94;94
Guernsey;70;70;69;69;68;67;67;67;66;65;63;63
Guthrie Center;1661;1637;1622;1622;1611;1578;1568;1540;1519;1496;1569;1569
Guttenberg;1983;1967;1951;1915;1932;1940;1931;1915;1891;1879;1919;1919
Halbur;212;209;207;204;214;215;212;211;209;207;246;246
Hamburg;1259;1231;1212;1207;1195;1186;1183;1183;1158;1141;1187;1187
Hamilton;144;145;143;142;141;142;141;140;139;138;130;130
Hampton;4208;4165;4185;4161;4180;4203;4162;4185;4157;4152;4461;4461
Hancock;207;204;204;204;203;201;199;197;196;195;196;196
Hanlontown;229;227;228;228;229;230;226;226;226;224;226;226
Hansell;96;95;98;97;97;99;98;97;96;98;98;98
Harcourt;339;334;330;325;319;315;313;313;313;313;303;303
Hardy;57;56;55;93;92;91;90;89;88;87;47;47
Harlan;5286;5270;5218;5185;5180;5087;5056;5057;4974;4895;5106;5106
Harper;134;133;124;123;121;118;115;114;114;113;114;114
Harpers Ferry;330;322;318;320;315;316;313;316;314;313;328;328
Harris;199;198;195;194;194;191;184;179;179;176;170;170
Hartford;765;760;762;766;765;759;760;784;782;781;771;771
Hartley;1727;1697;1567;1545;1508;1536;1531;1515;1494;1497;1672;1672
Hartwick;83;83;82;82;81;80;79;79;78;77;86;86
Harvey;278;279;276;273;273;273;272;270;269;267;235;235
Hastings;216;220;220;217;215;165;168;167;167;165;152;152
Havelock;176;172;175;141;178;174;170;169;167;164;138;138
Haverhill;170;169;169;168;167;162;161;161;160;160;173;173
Hawarden;2475;2459;2441;2398;2415;2396;2378;2382;2373;2367;2546;2546
Hawkeye;489;482;476;470;460;457;454;444;438;435;449;449
Hayesville;64;64;64;64;63;63;62;62;61;61;50;50
Hazleton;949;947;941;918;914;913;927;929;932;924;823;823
Hedrick;839;844;843;837;823;808;800;803;799;794;764;765
Henderson;171;171;170;172;170;167;170;169;168;167;185;185
Hepburn;39;39;38;38;36;36;28;28;27;26;23;23
Hiawatha;6520;6548;6573;6573;6594;6628;6634;6668;6693;6697;7024;7024
Hills;673;672;667;665;657;646;638;640;683;762;703;703
Hillsboro;205;206;203;204;203;204;202;201;199;197;180;180
Hinton;812;824;812;809;830;834;835;843;841;836;928;928
Holland;249;243;242;253;261;261;259;255;254;254;282;282
Holstein;1466;1451;1437;1416;1400;1382;1407;1401;1394;1362;1396;1396
Holy Cross;338;331;333;339;339;335;342;347;350;355;374;374
Hopkinton;681;676;671;659;648;640;644;646;641;636;628;628
Hornick;253;250;248;246;244;240;239;238;238;240;225;225
Hospers;672;670;669;672;671;667;664;667;666;690;698;698
Houghton;130;129;121;119;120;125;127;128;126;126;146;146
Hubbard;885;882;867;860;851;836;827;823;815;805;845;845
Hudson;2120;2127;2143;2132;2135;2136;2147;2150;2174;2201;2282;2282
Hull;1963;1984;2028;2018;2014;2012;2021;2018;2035;2031;2175;2175
Humboldt;4458;4475;4391;4374;4334;4301;4292;4241;4219;4191;4690;4689
Humeston;545;540;541;539;537;532;531;522;522;524;494;494
Huxley;2337;2367;2459;2448;2464;2493;2628;2718;2815;2844;3317;3317
Ida Grove;2338;2296;2263;2231;2190;2157;2098;2090;2072;2022;2142;2142
Imogene;66;64;60;60;59;59;59;59;57;56;72;72
Independence;6061;6022;5961;5966;5989;6005;6061;6097;6104;6074;5966;5966
Indianola;13189;13082;13132;13378;13732;14045;14210;14364;14444;14506;14782;14782
Inwood;875;872;874;860;854;854;850;843;843;840;814;814
Ionia;277;277;272;268;266;262;262;259;257;255;291;291
Iowa City;62865;63554;63936;64602;65436;65641;66006;66775;67768;69086;67862;67873
Iowa Falls;5194;5143;5101;5110;5056;5031;5040;4992;4957;4893;5238;5238
Ireton;584;579;575;577;582;582;583;582;578;576;609;609
Irwin;372;370;369;366;366;363;360;359;353;346;341;341
Jackson Junction;60;60;60;59;59;60;59;61;62;62;58;58
Jamaica;236;233;233;235;237;233;230;226;224;221;224;224
Janesville;826;823;818;817;874;866;862;860;866;876;930;930
Jefferson;4614;4516;4470;4443;4430;4351;4249;4222;4161;4117;4345;4345
Jesup;2211;2194;2162;2179;2366;2376;2355;2383;2405;2408;2520;2520
Jewell Junction;1238;1216;1221;1210;1198;1189;1179;1166;1149;1138;1215;1215
Johnston;8995;9455;10237;11161;12411;13632;14457;15268;15580;15918;17278;17278
Joice;231;229;230;230;231;232;228;228;228;226;222;222
Jolley;54;53;52;52;36;33;32;32;31;31;41;41
Kalona;2301;2358;2359;2367;2408;2433;2474;2493;2508;2532;2363;2363
Kamrar;229;224;223;222;217;215;215;213;210;208;199;199
Kanawha;737;713;700;690;690;682;671;656;648;637;652;651
Kellerton;372;364;354;350;344;333;324;318;315;311;315;315
Kelley;311;309;311;306;314;323;336;336;338;340;309;309
Kellogg;608;608;610;614;615;616;606;600;598;593;599;599
Kensett;279;275;277;274;272;271;267;267;265;263;266;266
Keokuk;11376;11218;10999;10804;10686;10616;10582;10494;10412;10406;10780;10780
Keomah Village;97;96;95;93;93;93;92;92;92;92;84;84
Keosauqua;1069;1057;1061;1059;1063;1053;1058;1064;1081;1083;1006;1006
Keota;1025;1011;997;977;956;916;895;890;882;876;1009;1009
Keswick;296;295;296;295;292;288;284;283;282;280;246;246
Keystone;668;669;672;669;684;685;676;671;673;674;622;622
Kimballton;341;331;324;316;313;306;304;301;299;295;322;322
Kingsley;1248;1241;1215;1234;1234;1225;1229;1234;1239;1244;1411;1411
Kinross;80;81;81;81;80;79;78;77;77;76;73;73
Kirkman;76;76;75;75;75;74;73;73;72;70;64;64
Kirkville;214;216;217;218;217;217;215;212;211;210;167;167
Kiron;272;270;268;266;263;261;257;257;254;253;279;279
Klemme;591;576;566;564;558;551;540;530;525;516;507;508
Knierim;70;68;66;65;64;57;52;51;51;49;60;60
Knoxville;7740;7739;7641;7506;7424;7379;7417;7321;7294;7263;7313;7313
Lacona;363;357;356;358;356;355;353;351;350;349;361;361
Ladora;288;288;287;289;288;289;289;286;285;286;283;283
Lake City;1822;1796;1747;1713;1686;1668;1643;1620;1610;1579;1727;1727
Lake Mills;2144;2090;2101;2058;2034;2020;1981;1958;1961;1950;2100;2100
Lake Park;1029;1019;1006;949;1005;991;975;971;978;972;1105;1105
Lake View;1198;1186;1264;1231;1228;1212;1206;1188;1195;1182;1142;1142
Lakeside;482;481;494;493;486;486;489;494;503;502;596;596
Lakota;255;251;249;247;246;244;243;240;236;235;255;294
Lambs Grove;225;224;222;221;218;215;211;209;208;206;172;172
Lamoni;2445;2459;2392;2350;2435;2447;2405;2437;2340;2348;2324;2324
Lamont;503;501;494;490;480;475;478;479;479;476;461;461
La Motte;272;268;264;279;276;275;275;271;268;266;260;260
Lanesboro;151;148;149;135;139;131;129;128;127;126;121;121
Lansing;1010;984;972;980;967;971;966;952;948;951;999;999
La Porte City;2320;2303;2276;2326;2318;2299;2291;2279;2285;2305;2285;2285
Larchwood;788;786;794;786;784;786;784;771;767;767;866;866
Larrabee;147;147;143;143;137;135;132;131;128;126;132;132
Latimer;534;529;531;527;541;546;543;545;541;539;507;507
Laurel;266;266;266;265;265;264;261;261;261;260;239;239
Laurens;1465;1440;1412;1387;1335;1305;1281;1270;1246;1228;1258;1258
Lawler;459;457;446;437;432;425;423;419;415;413;439;439
Lawton;700;697;698;690;688;714;738;762;783;790;908;908
Le Claire;2928;2990;2997;2916;3111;3195;3230;3264;3376;3560;3765;3765
Ledyard;147;143;141;139;137;135;132;130;128;127;130;130
Le Grand;883;876;871;890;944;952;950;954;956;954;938;938
Lehigh;498;494;490;486;482;479;478;474;470;470;416;416
Leighton;158;156;157;154;161;167;166;166;166;165;162;162
Leland;258;251;261;264;262;262;259;254;252;250;289;289
Le Mars;9241;9185;9173;9170;9227;9195;9211;9152;9155;9124;9826;9826
Lenox;1404;1375;1351;1333;1316;1277;1281;1263;1244;1248;1407;1407
Leon;1971;1957;1933;1924;1894;1890;1861;1848;1828;1834;1977;1977
Le Roy;13;13;13;8;8;8;8;8;8;8;15;15
Lester;251;250;249;247;248;248;245;240;237;236;294;294
Letts;392;395;397;397;396;389;387;384;380;363;384;384
Lewis;437;431;423;424;427;432;431;431;428;426;433;433
Libertyville;324;322;315;316;316;312;310;311;308;311;315;315
Lidderdale;185;183;182;180;178;178;175;174;173;172;180;180
Lime Springs;494;488;485;484;484;478;475;473;471;468;505;505
Lincoln;181;180;176;176;168;158;156;154;154;152;162;162
Linden;228;234;237;240;254;265;253;257;267;269;199;199
Lineville;273;270;270;234;233;231;229;226;225;225;217;217
Linn Grove;211;210;211;211;210;210;209;209;209;210;154;154
Lisbon;1912;1943;1952;1957;1954;1962;1971;1992;2015;2018;2152;2152
Liscomb;272;272;271;271;271;270;266;267;267;267;301;301
Little Rock;488;483;480;474;469;470;464;454;448;447;459;459
Little Sioux;217;214;211;208;206;205;204;201;198;199;170;170
Livermore;429;419;404;398;397;376;374;369;363;355;384;384
Lockridge;275;273;268;267;265;263;261;260;257;258;268;268
Logan;1551;1537;1510;1495;1474;1456;1448;1432;1402;1407;1534;1534
Lohrville;429;419;406;396;389;364;359;353;348;338;368;368
Lone Rock;157;155;153;152;152;151;148;146;144;143;146;146
Lone Tree;1151;1166;1183;1200;1213;1139;1130;1150;1165;1182;1300;1300
Long Grove;595;588;645;709;731;732;752;752;753;765;808;808
Lorimor;425;425;422;412;417;417;418;418;413;416;360;360
Lost Nation;495;489;485;480;474;472;468;463;461;458;446;446
Lovilia;581;577;565;557;554;546;535;528;526;522;538;538
Low Moor;239;236;233;231;228;228;225;223;222;220;288;288
Lowden;797;780;774;791;780;803;801;798;799;793;789;789
Luana;248;248;244;241;238;237;239;234;238;239;269;269
Lucas;243;245;246;248;253;253;252;251;247;243;216;216
Luther;158;157;153;152;153;152;148;147;145;143;122;122
Lu Verne;299;294;292;289;288;286;238;233;230;228;261;261
Luxemburg;246;245;245;247;244;239;237;239;238;240;240;240
Luzerne;105;105;108;107;105;102;100;100;100;100;96;96
Lynnville;378;381;383;385;384;383;376;373;372;369;379;379
Lytton;306;301;288;280;276;270;268;262;259;254;315;315
McCallsburg;318;319;319;314;317;325;328;331;334;335;333;333
McCausland;298;297;295;295;293;294;296;297;297;303;291;291
McClelland;129;127;127;127;126;125;124;123;122;122;151;151
Macedonia;325;323;320;323;319;315;312;309;307;306;246;246
McGregor;868;856;852;903;905;900;901;893;883;876;871;871
McIntire;173;172;166;166;158;142;143;142;141;141;122;122
Macksburg;142;140;143;142;143;141;141;140;134;125;113;113
Madrid;2421;2400;2358;2376;2393;2389;2392;2401;2375;2359;2543;2543
Magnolia;199;198;196;195;195;195;193;191;188;189;183;183
Maharishi Vedic City;90;89;87;131;130;135;232;311;352;353;259;259
Malcom;351;346;343;317;311;304;301;303;298;295;287;287
Mallard;295;292;288;282;282;273;271;269;266;264;274;274
Maloy;28;27;27;29;29;33;34;34;29;29;29;29
Malvern;1256;1251;1254;1299;1283;1301;1329;1321;1315;1301;1142;1142
Manchester;5275;5212;5167;5087;5015;4946;4923;4916;4886;4872;5179;5179
Manilla;837;823;824;821;820;815;810;812;808;807;776;776
Manly;1341;1332;1340;1323;1321;1338;1331;1332;1331;1322;1323;1323
Manning;1487;1472;1466;1504;1492;1490;1484;1487;1473;1465;1500;1500
Manson;1887;1852;1806;1761;1742;1722;1694;1668;1651;1620;1690;1690
Mapleton;1319;1292;1272;1256;1235;1206;1187;1168;1164;1147;1224;1224
Maquoketa;6138;6120;6060;6033;6026;5993;5950;5881;5837;5801;6141;6141
Marathon;301;298;293;293;291;292;290;289;290;291;237;237
Marble Rock;325;321;320;321;320;319;321;320;323;322;307;307
Marcus;1136;1119;1086;1074;1059;1046;1048;1034;1027;1017;1117;1117
Marengo;2537;2530;2520;2521;2511;2522;2525;2503;2500;2508;2528;2528
Marion;26567;27145;27729;28781;29975;30410;31298;32084;32942;33452;34768;34768
Marne;149;148;146;147;144;143;143;142;141;140;120;120
Marquette;481;466;457;451;451;444;442;440;435;430;375;375
Marshalltown;26014;25976;25772;25763;25853;25679;25545;25660;25790;25814;27552;27552
Martelle;280;274;272;255;259;254;255;257;256;254;255;255
Martensdale;471;465;466;468;466;464;462;460;459;459;465;465
Martinsburg;126;125;125;123;121;118;118;118;117;116;112;112
Marysville;54;54;54;53;53;53;53;52;52;52;66;66
Mason City;29167;28741;28411;28317;27999;27771;27583;27438;27346;27267;28079;28079
Masonville;104;104;104;103;103;102;102;102;101;100;127;127
Massena;414;410;407;410;402;399;399;397;394;392;355;355
Matlock;83;83;83;83;83;83;82;82;82;81;87;87
Maurice;254;252;258;260;260;261;260;260;259;258;275;275
Maxwell;813;814;814;807;809;808;822;827;837;842;920;920
Maynard;501;499;492;485;477;455;448;440;435;433;518;518
Maysville;163;163;162;160;159;159;161;160;162;163;176;176
Mechanicsville;1177;1151;1146;1148;1162;1153;1158;1144;1143;1140;1146;1146
Mediapolis;1646;1661;1591;1587;1577;1574;1579;1597;1606;1623;1560;1560
Melbourne;794;787;780;747;790;787;786;793;792;790;830;830
Melcher-Dallas;1299;1300;1278;1266;1255;1249;1253;1251;1249;1239;1288;1288
Melrose;130;129;126;126;125;123;121;120;120;119;112;112
Melvin;243;243;241;242;242;238;236;230;231;227;214;214
Menlo;365;364;363;363;369;364;361;356;354;348;353;353
Meriden;184;182;179;179;177;175;171;170;167;165;159;159
Merrill;753;746;735;765;770;760;750;742;734;729;755;755
Meservey;252;248;245;243;233;229;226;224;222;220;256;256
Middletown;535;535;528;521;519;515;519;532;541;544;318;318
Miles;462;455;459;456;457;453;449;444;441;440;445;445
Milford;2485;2491;2466;2454;2449;2439;2422;2419;2435;2432;2898;2898
Millersburg;184;185;188;189;186;188;188;186;185;186;159;159
Millerton;48;47;47;48;44;42;42;41;41;41;45;45
Millville;23;23;22;22;22;22;22;22;21;21;30;30
Milo;844;828;827;827;832;830;829;826;828;828;775;775
Milton;550;543;542;493;492;490;490;492;492;491;443;443
Minburn;393;402;402;404;425;444;426;436;454;457;365;365
Minden;566;567;561;562;564;555;553;547;544;542;599;599
Mingo;270;271;272;273;272;270;266;264;263;261;302;302
Missouri Valley;2987;2959;2911;2863;2859;2834;2820;2786;2746;2746;2838;2838
Mitchell;155;153;152;151;150;149;150;150;149;148;138;138
Mitchellville;2043;2089;2110;2119;2075;2099;2069;2108;2096;2127;2254;2254
Modale;303;301;298;294;290;288;284;282;282;282;283;283
Mondamin;423;420;415;412;409;405;402;397;391;393;402;402
Monmouth;180;184;182;182;182;181;179;176;175;173;153;153
Monona;1543;1525;1495;1477;1460;1436;1425;1419;1414;1416;1549;1549
Monroe;1811;1814;1808;1804;1815;1805;1795;1813;1817;1813;1830;1830
Montezuma;1452;1449;1435;1427;1418;1392;1381;1368;1351;1341;1462;1462
Monticello;3648;3616;3636;3624;3678;3663;3689;3687;3705;3701;3796;3796
Montour;285;285;284;285;288;285;281;279;276;273;249;249
Montrose;956;949;938;933;934;936;934;929;918;916;898;898
Moorhead;231;224;220;218;208;204;202;200;197;193;226;226
Moorland;201;198;194;191;188;187;186;185;184;184;169;169
Moravia;693;689;684;694;693;694;685;672;662;658;665;665
Morley;88;87;92;92;93;92;91;91;91;91;115;115
Morning Sun;871;880;875;871;871;847;852;849;837;803;836;836
Morrison;96;94;90;88;87;88;87;86;85;85;94;94
Moulton;658;655;659;668;668;670;663;650;638;637;605;605
Mount Auburn;160;161;163;163;165;165;163;162;162;163;150;150
Mount Ayr;1881;1850;1823;1801;1786;1807;1770;1764;1750;1730;1691;1691
Mount Pleasant;8728;8689;8492;8654;8708;8782;8753;8801;8704;8673;8668;8668
Mount Sterling;40;40;40;40;39;36;36;36;36;36;36;36
Mount Union;132;132;129;128;126;127;126;125;124;122;107;107
Mount Vernon;3821;3889;3937;4009;4006;4110;4141;4132;4171;4185;4506;4506
Moville;1591;1614;1637;1630;1471;1458;1453;1455;1465;1497;1618;1618
Murray;769;766;761;761;786;778;787;793;796;794;756;756
Muscatine;22700;22548;22511;22373;22311;22290;22349;22386;22550;22653;22886;22886
Mystic;593;597;595;602;601;602;593;582;573;569;425;425
Nashua;1619;1614;1576;1557;1535;1534;1528;1518;1501;1494;1663;1663
Nemaha;100;99;95;94;93;92;91;89;88;87;85;85
Neola;846;832;825;820;828;820;824;821;822;824;842;845
Nevada;6689;6713;6694;6697;6630;6528;6575;6604;6681;6736;6798;6798
New Albin;526;512;509;513;518;517;512;506;503;501;522;522
New Hampton;3687;3668;3585;3514;3506;3445;3466;3437;3417;3397;3571;3571
New Hartford;660;651;642;634;633;627;620;616;612;581;516;516
New Liberty;121;125;124;124;134;134;134;133;133;134;137;137
New London;1928;1925;1881;1873;1852;1844;1843;1838;1809;1793;1897;1897
New Market;457;453;448;445;443;404;408;400;395;395;415;415
New Providence;228;226;224;223;221;218;216;215;213;210;228;228
New Sharon;1308;1295;1286;1272;1291;1299;1292;1301;1303;1295;1293;1293
New Vienna;394;391;394;392;395;391;395;395;393;394;407;407
New Virginia;473;469;471;476;478;478;482;487;486;486;489;489
Newell;884;872;872;865;846;856;862;859;861;864;876;876
Newhall;888;897;919;966;968;972;961;954;955;957;875;875
Newton;15605;15612;15692;15670;15514;15328;15178;15041;14949;14841;15254;15254
Nichols;377;375;371;365;359;358;358;359;357;358;374;374
Nodaway;132;131;130;129;129;126;126;124;121;118;114;114
Nora Springs;1529;1498;1503;1494;1474;1452;1457;1449;1421;1414;1431;1431
North Buena Vista;124;124;123;122;122;98;96;94;93;92;121;121
North English;993;992;996;999;989;991;993;986;978;980;1041;1041
North Liberty;5482;5957;6268;6866;7637;8806;9993;10983;11761;12413;13374;13374
North Washington;118;117;112;109;105;103;103;103;100;97;117;117
Northboro;60;59;58;58;58;58;57;57;55;54;58;58
Northwood;2047;2018;2009;1996;2008;2010;1992;1994;1992;1984;1989;1989
Norwalk;7055;7510;7634;7803;7705;7898;8228;8490;8754;9016;8945;8945
Norway;602;608;613;609;610;609;604;600;601;603;545;545
Numa;111;110;109;111;111;111;109;107;106;105;92;92
Oakland;1485;1465;1457;1446;1444;1422;1410;1400;1385;1381;1527;1527
Oakland Acres;165;164;163;163;163;163;161;161;160;160;156;156
Oakville;438;437;438;433;429;420;420;415;410;391;173;173
Ocheyedan;534;529;520;515;515;501;496;486;487;480;490;490
Odebolt;1160;1147;1100;1077;1059;1027;1025;1008;992;978;1013;1013
Oelwein;6680;6554;6461;6453;6323;6295;6226;6095;6026;5993;6415;6415
Ogden;2030;2065;2019;2010;1993;1995;1980;1980;1956;1936;2044;2044
Okoboji;852;852;842;839;872;978;960;949;948;941;807;807
Olds;248;247;244;242;238;242;240;238;236;233;229;229
Olin;716;707;703;700;707;702;699;706;704;701;698;698
Ollie;224;224;223;173;167;166;162;162;162;157;215;215
Onawa;3098;3043;3008;3000;2948;2878;2826;2793;2748;2705;2998;2998
Onslow;223;219;218;219;218;215;214;214;215;214;197;197
Orange City;5632;5705;5643;5653;5749;5777;5851;5857;5807;5814;6004;6004
Orchard;88;88;88;88;89;88;89;88;88;88;71;71
Orient;400;393;389;390;390;388;385;379;372;370;408;408
Orleans;626;626;616;614;614;610;599;588;592;591;608;608
Osage;3457;3432;3425;3421;3444;3416;3441;3441;3440;3431;3619;3619
Osceola;4769;4760;4763;4786;4798;4741;4741;4706;4745;4768;4929;4929
Oskaloosa;10987;11123;11091;10880;10878;10964;10877;10904;10942;10895;11463;11463
Ossian;852;849;853;839;828;821;811;806;803;799;845;845
Osterdock;50;49;50;49;49;50;50;49;49;48;59;59
Otho;573;567;563;560;540;537;536;532;530;534;542;542
Oto;145;145;145;145;146;144;144;143;144;145;108;108
Ottosen;61;60;59;46;48;47;47;46;45;45;55;55
Ottumwa;24952;24853;24680;24532;24554;24656;24577;24343;24300;24329;25023;25023
Owasa;38;38;38;37;37;37;36;36;36;35;43;43
Oxford;705;704;699;696;694;684;675;675;684;697;807;807
Oxford Junction;575;565;559;571;562;552;548;548;551;547;496;496
Oyens;132;130;130;130;124;122;120;119;118;115;103;103
Pacific Junction;507;503;502;505;501;508;517;517;514;507;471;471
Packwood;223;221;217;216;216;215;213;214;211;212;204;204
Palmer;213;209;205;201;193;187;184;183;173;170;165;165
Palo;619;630;649;652;782;830;895;952;979;983;1026;1026
Panama;212;212;212;214;213;194;192;191;187;186;221;221
Panora;1172;1135;1132;1155;1151;1170;1164;1166;1159;1146;1124;1124
Panorama Park;131;129;131;130;128;128;128;127;127;129;129;129
Parkersburg;1885;1847;1825;1838;1841;1838;1835;1839;1850;2163;1870;1870
Parnell;221;222;220;219;216;216;216;213;214;214;193;193
Paton;265;261;260;259;257;255;249;246;242;239;236;236
Patterson;127;130;130;130;130;133;133;131;132;136;130;130
Paullina;1121;1098;1069;1061;1038;1020;1012;997;976;981;1056;1056
Pella;9947;10115;10232;10132;10056;10027;10354;10216;10263;10207;10352;10352
Peosta;662;722;776;804;880;972;1045;1129;1187;1237;1377;1377
Perry;7678;7905;8077;8281;8723;9043;8747;8904;9234;9295;7702;7702
Persia;363;360;354;349;345;342;339;335;331;332;319;319
Peterson;371;369;363;360;358;353;351;347;338;336;334;334
Pierson;371;370;365;362;359;356;354;353;348;350;366;366
Pilot Mound;214;213;208;207;207;206;204;202;199;197;173;173
Pioneer;21;21;20;20;20;20;20;19;19;19;23;23
Pisgah;316;314;311;310;310;309;307;304;299;300;251;251
Plainfield;436;436;424;423;413;427;424;426;421;417;436;436
Plano;58;58;57;58;58;58;57;56;55;55;70;70
Pleasant Hill;5250;5440;5677;5870;6059;6334;7289;7784;8190;8424;8785;8785
Pleasant Plain;131;130;128;127;127;126;125;126;124;125;93;93
Pleasanton;37;37;37;37;28;28;28;28;27;27;49;49
Pleasantville;1545;1548;1522;1567;1581;1577;1582;1583;1591;1581;1694;1694
Plover;94;93;94;92;88;88;86;85;83;63;77;77
Plymouth;429;424;417;415;421;425;418;415;411;409;382;382
Pocahontas;1956;1928;1909;1871;1883;1842;1801;1809;1775;1750;1789;1789
Polk City;2349;2356;2399;2615;2810;2859;2988;3106;3198;3257;3418;3418
Pomeroy;708;693;673;657;652;642;635;619;610;598;662;662
Popejoy;80;80;81;81;81;79;79;79;78;78;79;79
Portsmouth;225;225;213;211;208;208;205;204;200;196;195;195
Postville;2273;2234;2266;2210;2291;2274;2256;2291;2267;2255;2227;2227
Prairie City;1368;1360;1358;1347;1363;1383;1401;1420;1428;1426;1680;1680
Prairieburg;173;172;172;171;168;168;167;167;167;167;178;178
Prescott;266;261;262;260;258;253;252;248;243;237;257;257
Preston;949;938;936;929;939;934;928;921;912;905;1012;1012
Primghar;888;871;855;851;836;826;823;811;806;810;909;909
Princeton;943;938;939;936;932;935;941;949;961;971;886;886
Promise City;105;104;104;104;103;102;102;100;100;100;111;111
Protivin;317;316;314;312;312;311;306;305;302;301;283;283
Pulaski;251;241;243;244;249;252;258;265;268;271;260;260
Quasqueton;574;573;568;571;565;478;485;485;490;485;554;554
Quimby;368;368;361;355;351;344;336;333;327;323;319;319
Radcliffe;607;599;588;580;575;567;569;566;562;555;545;545
Rake;228;222;218;216;212;211;207;203;202;200;225;225
Ralston;98;96;96;83;82;82;80;80;78;78;79;79
Randalia;84;82;81;80;78;78;75;74;69;68;68;68
Randall;143;144;145;144;142;142;141;140;137;136;173;173
Randolph;208;203;200;197;194;175;173;173;169;166;168;168
Rathbun;88;87;86;88;87;88;86;85;84;83;89;89
Raymond;539;581;579;596;617;634;680;705;723;735;788;788
Readlyn;783;781;767;769;763;758;759;759;752;748;808;808
Reasnor;195;195;196;197;196;195;191;190;189;187;152;152
Red Oak;6216;6061;5941;5875;5846;5847;5823;5720;5634;5626;5742;5742
Redding;78;77;76;76;70;68;67;66;66;65;82;82
Redfield;836;862;877;889;945;983;946;965;1003;1007;835;835
Reinbeck;1747;1720;1713;1679;1688;1674;1666;1649;1636;1641;1664;1664
Rembrandt;227;224;223;221;217;218;219;220;220;221;203;203
Remsen;1760;1738;1708;1697;1723;1696;1683;1658;1640;1633;1663;1663
Renwick;305;299;290;286;281;270;269;264;257;254;242;242
Rhodes;294;294;292;292;292;291;294;294;293;293;305;305
Riceville;839;841;836;834;828;822;813;813;802;799;785;785
Richland;586;583;581;576;582;571;564;563;559;555;584;584
Rickardsville;190;188;186;187;182;172;178;180;179;179;182;182
Ricketts;144;144;139;139;138;138;136;135;134;133;145;145
Ridgeway;292;291;287;281;289;285;285;283;281;280;315;315
Rinard;72;70;68;67;66;65;64;62;62;60;52;52
Ringsted;456;448;442;436;427;422;417;414;412;405;422;422
Rippey;318;311;308;303;298;295;287;284;279;275;292;292
Riverdale;654;658;653;655;649;606;588;590;592;596;405;405
Riverside;931;944;951;958;964;943;941;958;972;1008;993;993
Riverton;302;295;289;287;270;283;280;283;275;274;304;304
Robins;1846;1932;2029;2129;2232;2386;2529;2716;2869;2960;3142;3142
Rock Falls;170;167;165;164;161;159;157;156;154;153;155;155
Rock Rapids;2568;2536;2517;2591;2581;2529;2493;2479;2450;2435;2549;2549
Rock Valley;2875;2881;2889;2969;3023;3042;3106;3125;3135;3159;3354;3354
Rockford;904;891;892;894;900;891;895;890;879;872;860;860
Rockwell;990;980;980;973;966;970;976;986;985;981;1039;1039
Rockwell City;2217;2180;2138;2096;2089;2060;2027;2000;1975;1950;1709;2216
Rodman;56;55;55;53;54;53;52;52;51;51;45;45
Rodney;74;72;72;72;71;69;68;67;61;60;60;60
Roland;1325;1322;1336;1334;1325;1315;1314;1312;1327;1340;1284;1284
Rolfe;670;661;648;637;617;601;588;586;575;567;584;584
Rome;116;118;116;117;116;117;116;115;114;112;117;117
Rose Hill;207;205;205;203;204;206;204;204;204;202;168;168
Rossie;58;57;58;57;56;56;56;56;56;55;70;70
Rowan;218;216;213;212;208;203;199;197;194;192;158;158
Rowley;290;287;285;285;282;281;280;281;281;279;264;264
Royal;477;452;444;439;434;429;425;420;419;416;446;446
Rudd;430;424;421;419;410;407;404;402;397;392;369;369
Runnells;344;352;357;363;353;362;369;382;383;389;507;507
Russell;559;565;566;572;583;583;580;578;570;560;554;554
Ruthven;765;752;727;707;711;708;696;694;686;682;737;737
Rutland;144;141;138;135;131;128;128;125;124;122;126;126
Ryan;388;388;385;378;378;374;372;370;366;362;361;361
Sabula;673;678;672;673;668;660;653;650;645;641;576;576
Sac City;2380;2342;2257;2266;2198;2152;2144;2118;2111;2081;2220;2220
Sageville;224;224;222;219;219;217;215;215;213;212;122;122
St. Ansgar;1028;954;1017;1007;935;962;956;959;1012;1025;1107;1107
St. Anthony;109;109;109;188;188;187;186;186;186;186;102;102
St. Charles;644;657;668;663;657;655;665;672;682;685;653;653
St. Donatus;140;138;135;156;155;156;156;154;153;152;135;135
St. Lucas;178;176;172;171;169;169;167;163;162;161;143;143
St. Marys;135;132;131;131;130;129;128;127;127;127;127;127
St. Olaf;135;137;134;129;131;124;123;121;120;118;108;108
St. Paul;118;118;118;118;118;119;119;118;117;116;129;129
Salem;463;467;461;462;455;457;454;451;447;443;383;383
Salix;397;394;394;392;390;386;385;383;385;387;363;363
Sanborn;1352;1342;1341;1316;1310;1292;1284;1264;1298;1308;1404;1404
Sandyville;62;61;61;62;62;62;61;61;61;61;51;51
Scarville;97;95;92;92;91;91;89;88;87;86;72;72
Schaller;784;777;751;735;732;720;715;700;691;681;772;772
Schleswig;831;827;819;813;808;814;816;817;813;818;882;882
Scranton;602;589;583;575;565;547;533;526;517;511;557;557
Searsboro;159;159;158;159;156;154;153;153;151;149;148;148
Sergeant Bluff;3340;3417;3537;3648;3732;3753;3836;3901;3970;4027;4227;4227
Seymour;809;801;800;795;774;758;749;739;742;744;701;701
Shambaugh;187;186;181;179;178;178;177;174;171;167;191;191
Shannon City;77;76;77;75;75;74;76;76;77;77;71;71
Sharpsburg;98;98;97;96;95;94;94;92;91;91;89;89
Sheffield;928;925;924;935;991;990;992;998;1005;1004;1172;1172
Shelby;695;692;683;680;673;666;659;656;646;636;641;641
Sheldahl;336;336;335;317;316;312;313;313;315;317;319;319
Sheldon;5018;4986;5023;5040;4944;4907;4896;4885;4832;4838;5188;5188
Shell Rock;1297;1261;1249;1236;1245;1239;1228;1230;1239;1183;1296;1296
Shellsburg;940;948;955;958;983;1006;1009;1013;1014;1023;983;983
Shenandoah;5525;5462;5317;5230;5155;5118;5104;5029;4942;4832;5150;5150
Sherrill;202;199;197;193;191;176;175;175;174;176;177;177
Shueyville;338;349;361;370;401;441;473;483;514;538;577;577
Sibley;2788;2771;2740;2727;2710;2665;2655;2613;2616;2577;2798;2798
Sidney;1294;1277;1247;1192;1170;1162;1158;1146;1125;1109;1138;1138
Sigourney;2212;2199;2187;2153;2150;2108;2083;2089;2075;2062;2059;2059
Silver City;259;260;259;275;272;260;267;268;266;263;245;245
Sioux Center;6076;6227;6371;6429;6416;6486;6600;6491;6606;6704;7048;7048
Sioux City;84965;84348;83865;83232;83116;82039;82087;81920;82299;82903;82684;82695
Sioux Rapids;717;712;706;699;689;685;694;695;692;694;775;775
Slater;1314;1332;1369;1374;1382;1503;1520;1527;1546;1558;1489;1489
Sloan;1034;1030;1025;1024;1019;1009;1014;1011;1014;1023;973;973
Smithland;221;220;219;218;218;215;213;212;212;213;224;224
Soldier;207;202;200;201;198;195;191;189;186;183;174;174
Solon;1199;1204;1242;1276;1368;1413;1519;1596;1638;1734;2037;2037
Somers;164;161;157;154;151;151;139;137;135;132;113;113
South English;213;213;214;215;210;209;206;206;205;182;212;212
Spencer;11337;11289;11182;11095;11092;11030;11007;10948;10959;10975;11233;11233
Spillville;385;383;390;384;377;372;370;367;367;368;367;367
Spirit Lake;4273;4299;4281;4372;4404;4527;4579;4601;4609;4594;4840;4840
Spragueville;90;91;89;89;88;87;86;85;84;83;81;81
Spring Hill;93;92;92;93;93;92;92;91;91;91;63;63
Springbrook;181;179;180;178;183;181;182;181;182;183;144;144
Springville;1094;1087;1082;1043;1019;1007;1001;1006;1012;1018;1074;1074
Stacyville;470;443;472;482;488;480;474;476;469;468;494;490
Stanhope;486;474;473;468;467;460;455;448;440;436;422;422
Stanley;128;127;125;125;124;124;124;124;124;123;125;125
Stanton;716;706;700;696;696;698;703;688;681;680;689;689
Stanwood;682;676;671;666;651;640;637;630;634;628;684;684
State Center;1348;1343;1324;1309;1322;1323;1330;1334;1334;1336;1468;1468
Steamboat Rock;337;335;331;329;327;323;319;318;315;310;310;310
Stockport;284;282;282;282;281;280;281;282;282;281;296;296
Stockton;186;185;184;181;178;180;183;182;181;182;197;197
Storm Lake;10047;9986;9935;9861;9820;9722;9614;9488;9480;9540;10600;10600
Story City;3243;3253;3375;3343;3322;3300;3302;3312;3369;3390;3431;3431
Stout;217;215;215;212;214;213;218;214;213;213;224;224
Stratford;746;739;741;738;728;722;708;698;686;689;743;743
Strawberry Point;1379;1370;1338;1302;1291;1270;1256;1253;1234;1224;1279;1279
Struble;85;85;84;84;84;83;82;81;80;80;78;78
Stuart;1717;1727;1704;1692;1726;1694;1687;1678;1660;1643;1648;1648
Sully;906;902;899;892;880;876;863;854;852;846;821;821
Sumner;2098;2087;2057;2051;2044;2011;2014;1997;1981;1969;2028;2028
Superior;142;140;137;134;133;129;126;125;125;123;130;130
Sutherland;704;692;683;669;659;657;653;640;629;629;649;649
Swaledale;175;173;173;173;172;171;169;168;167;166;165;165
Swan;121;121;119;86;86;87;86;85;85;84;72;72
Swea City;640;626;615;606;598;589;577;569;561;556;536;536
Swisher;806;807;828;847;841;833;828;831;842;855;879;879
Tabor;990;980;981;974;957;946;947;951;924;913;1040;1040
Tama;2723;2681;2666;2653;2642;2612;2587;2562;2515;2490;2877;2877
Templeton;333;327;325;329;328;334;331;329;330;328;362;362
Tennant;73;73;72;72;71;70;72;72;73;71;68;68
Terril;405;401;392;384;384;375;366;358;358;355;367;367
Thayer;66;65;66;64;57;54;53;53;54;54;59;59
Thompson;597;583;574;572;560;557;546;536;534;528;502;502
Thor;174;171;169;167;167;164;164;161;159;157;186;186
Thornburg;84;70;70;71;67;67;65;65;65;64;67;67
Thornton;421;412;403;398;388;377;368;360;357;354;422;422
Thurman;234;229;225;224;221;218;217;217;211;208;229;229
Tiffin;1094;1254;1430;1473;1511;1579;1654;1707;1789;1882;1947;1947
Tingley;171;168;164;146;168;165;161;160;152;150;184;184
Tipton;3166;3132;3123;3108;3057;3073;3043;3013;3039;3014;3221;3221
Titonka;583;567;561;551;546;534;531;516;507;504;476;476
Toledo;2534;2521;2497;2475;2495;2677;2678;2644;2621;2605;2341;2341
Toronto;134;133;133;133;133;133;132;130;130;129;124;124
Traer;1594;1607;1599;1596;1605;1574;1576;1569;1555;1541;1703;1703
Treynor;946;928;927;936;894;894;894;887;882;880;919;919
Tripoli;1305;1300;1279;1278;1263;1256;1257;1255;1243;1236;1313;1313
Truesdale;91;89;89;88;87;87;87;86;87;87;81;81
Truro;431;446;459;455;465;470;479;474;479;475;485;485
Turin;75;73;72;73;72;71;69;68;68;66;68;68
Udell;58;58;57;58;49;49;48;47;46;46;47;47
Underwood;693;692;719;730;751;799;825;837;841;840;917;917
Union;427;425;417;411;404;397;391;390;387;381;397;397
Unionville;127;126;126;127;127;127;126;123;121;121;102;102
University Heights;981;987;948;982;999;991;999;1018;1033;1050;1051;1051
University Park;539;543;554;551;551;522;525;537;533;529;487;487
Urbana;1040;1107;1135;1219;1277;1321;1369;1391;1415;1430;1458;1458
Urbandale;29504;30464;31975;32995;34528;35722;37182;37997;38451;38677;39463;39463
Ute;377;367;361;359;350;342;335;331;326;322;374;374
Vail;452;451;449;448;445;446;440;439;435;434;436;436
Valeria;62;63;63;63;63;63;62;61;61;60;57;57
Van Horne;716;727;738;735;738;737;729;724;725;728;682;682
Van Meter;868;890;908;923;1058;1109;1058;1109;1161;1194;1016;1016
Van Wert;230;231;229;229;228;212;215;212;210;211;230;230
Varina;89;88;87;86;83;81;79;78;77;76;71;71
Ventura;673;673;666;667;666;674;691;720;715;716;717;717
Victor;953;954;951;951;989;993;991;980;975;977;893;893
Villisca;1347;1310;1291;1279;1283;1286;1275;1246;1223;1226;1252;1252
Vincent;158;155;153;150;151;151;150;150;149;149;174;174
Vining;69;67;65;64;56;54;52;50;49;49;50;50
Vinton;5106;5141;5215;5233;5229;5191;5138;5099;5101;5096;5257;5257
Volga;247;249;245;241;231;233;227;223;220;217;208;208
Wadena;243;238;234;231;226;224;221;220;217;217;262;262
Wahpeton;464;464;456;448;451;443;435;432;431;428;341;341
Walcott;1527;1520;1517;1507;1521;1527;1529;1621;1618;1641;1629;1629
Walford;1227;1275;1302;1317;1349;1395;1435;1458;1464;1474;1463;1463
Walker;752;749;745;739;732;731;741;755;769;771;791;791
Wallingford;209;208;205;203;198;196;194;192;192;188;197;197
Wall Lake;850;848;802;771;765;760;759;745;734;727;819;819
Walnut;875;858;855;853;850;735;730;722;723;721;785;785
Wapello;2121;2121;2112;2121;2075;2029;2022;2013;1994;1908;2067;2067
Washington;7062;7144;7145;7109;7080;7066;7093;7162;7196;7197;7266;7266
Washta;281;277;268;267;260;242;237;233;226;225;248;248
Waterloo;68766;68387;67667;67100;66880;66514;66230;65941;66281;66761;68406;68406
Waterville;141;137;136;137;136;136;134;133;132;132;144;144
Waucoma;299;292;286;256;250;248;244;239;235;236;257;257
Waukee;5582;5896;6650;7447;8454;9186;10913;12040;12546;12826;13790;13790
Waukon;4128;4006;3978;4006;3941;3938;3928;3889;3884;3871;3897;3897
Waverly;8976;9076;9037;9019;9129;9190;9222;9263;9208;9155;9874;9874
Wayland;944;945;947;944;941;942;932;940;937;932;966;966
Webb;165;162;159;157;154;152;151;149;149;148;141;141
Webster;109;108;107;106;111;109;107;107;106;105;88;88
Webster City;8168;8037;8047;8011;7974;7932;7839;7746;7706;7642;8070;8070
Weldon;145;144;144;144;143;143;142;141;140;140;125;125
Wellman;1421;1440;1428;1436;1428;1445;1459;1415;1414;1412;1408;1408
Wellsburg;716;703;698;684;684;678;688;677;674;675;707;707
Welton;163;164;165;168;173;161;160;158;158;157;165;165
Wesley;466;454;447;441;436;430;421;415;408;405;390;390
West Bend;832;818;799;820;810;810;802;798;793;795;785;785
West Branch;2208;2226;2246;2274;2267;2238;2262;2262;2280;2307;2322;2322
West Burlington;3155;3132;3089;3203;3252;3317;3283;3272;3301;3332;2968;2968
West Chester;159;162;161;162;155;159;158;158;157;157;146;146
West Des Moines;47182;47886;50295;52125;51942;52792;53947;54811;55503;56954;56609;56609
West Liberty;3351;3336;3388;3440;3477;3551;3601;3653;3643;3658;3736;3736
West Okoboji;433;428;421;415;412;404;402;399;402;401;289;289
West Point;979;967;958;964;946;939;929;927;916;912;966;966
West Union;2549;2525;2498;2473;2444;2441;2412;2437;2403;2397;2486;2486
Westfield;189;188;187;187;187;186;183;180;179;178;132;132
Westgate;234;231;229;228;225;225;222;218;215;214;211;211
Westphalia;160;161;161;159;148;147;145;144;142;139;127;127
Westside;327;326;327;325;327;325;323;324;321;321;299;299
Westwood;126;126;126;125;124;124;124;123;239;237;112;112
What Cheer;679;677;673;665;650;643;633;632;627;622;646;646
Wheatland;771;768;767;758;756;759;755;748;745;742;764;764
Whiting;801;790;782;780;772;750;742;710;711;702;762;762
Whittemore;528;516;507;499;494;487;484;477;470;466;504;504
Whitten;160;159;156;142;141;138;136;135;134;132;149;149
Willey;102;101;100;99;98;98;96;96;97;100;88;88
Williams;426;419;422;420;405;401;396;390;379;376;344;344
Williamsburg;2648;2695;2692;2712;2710;2746;2772;2772;2790;2820;3068;3068
Williamson;163;163;162;162;164;164;163;162;160;157;152;152
Wilton;2834;2844;2833;2802;2798;2797;2808;2822;2814;2839;2802;2802
Windsor Heights;4773;4788;4716;4655;4597;4595;4546;4526;4574;4627;4860;4860
Winfield;1131;1133;1108;1103;1105;1094;1082;1078;1070;1059;1134;1134
Winterset;4760;4733;4720;4690;4794;4794;4835;4818;4848;4830;5190;5190
Winthrop;769;763;762;762;754;758;762;764;769;763;850;850
Wiota;149;148;146;148;145;144;143;143;142;141;116;116
Woden;242;237;231;231;231;227;223;219;216;214;229;229
Woodbine;1567;1543;1527;1592;1586;1568;1563;1547;1531;1539;1459;1459
Woodburn;246;247;246;248;246;240;240;238;239;238;202;202
Woodward;1206;1239;1215;1227;1282;1332;1272;1328;1380;1387;1024;1024
Woolstock;204;202;200;199;198;197;193;191;189;186;168;168
Worthington;381;376;370;371;375;369;366;367;368;370;401;401
Wyoming;626;621;621;573;593;614;610;612;590;589;515;515
Yale;286;279;277;277;276;271;268;263;260;256;246;246
Yetter;36;35;34;33;32;30;29;29;28;28;34;34
Yorktown;82;81;80;79;79;79;78;77;76;74;85;85
Zearing;618;613;600;544;569;560;559;563;562;566;554;554
Zwingle;100;99;97;99;98;110;109;109;108;107;91;91
