.Ackley city,"1,648","1,672","1,677","1,694","1,711","1,739","1,760","1,788","1,811","1,815","1,809","1,809"
.Ackworth city,116,116,116,115,108,106,105,105,103,89,85,85
.Adair city,701,709,722,731,754,778,798,808,817,836,839,839
.Adel city,"4,321","4,272","4,113","4,010","4,125","3,929","3,692","3,624","3,575","3,458","3,435","3,435"
.Afton city,898,894,888,884,881,883,875,904,910,914,917,917
.Agency city,629,629,632,639,642,643,658,616,610,622,622,622
.Ainsworth city,535,536,536,536,537,536,535,533,533,526,524,524
.Akron city,"1,401","1,411","1,419","1,431","1,445","1,465","1,447","1,448","1,478","1,489","1,489","1,489"
.Albert City city,684,681,682,684,681,680,690,701,698,706,709,709
.Albia city,"3,529","3,545","3,548","3,593","3,625","3,654","3,666","3,657","3,723","3,760","3,770","3,706"
.Albion city,565,564,567,563,566,572,578,583,592,592,592,592
.Alburnett city,547,547,547,545,541,529,529,560,559,557,558,559
.Alden city,783,816,825,830,839,858,860,874,892,902,904,904
.Alexander city,158,159,160,159,161,161,163,164,163,165,165,165
.Algona city,"5,227","5,243","5,304","5,368","5,446","5,498","5,512","5,566","5,636","5,735","5,741","5,741"
.Alleman city,433,426,421,423,427,422,425,431,438,438,443,439
.Allerton city,534,533,534,543,547,552,554,555,554,559,559,559
.Allison city,896,941,948,944,950,965,974,958,978,"1,005","1,006","1,006"
.Alta city,"1,862","1,844","1,827","1,831","1,833","1,815","1,834","1,844","1,836","1,859","1,865","1,865"
.Alta Vista city,260,262,265,265,265,270,272,278,284,285,286,286
.Alton city,"1,115","1,115","1,104","1,102","1,097","1,098","1,090","1,088","1,096","1,102","1,111","1,095"
.Altoona city,"14,397","14,066","13,768","13,447","12,936","12,038","11,388","10,997","10,664","10,449","10,416","10,345"
.Alvord city,175,176,178,182,184,184,184,186,186,187,187,187
.Ames city,"56,657","55,911","55,392","53,838","52,415","52,477","52,021","51,990","50,697","50,927","50,855","50,731"
.Anamosa city,"5,745","5,749","5,714","5,666","5,624","5,598","5,582","5,515","5,573","5,503","5,506","5,494"
.Andover city,84,84,85,86,86,86,87,86,87,87,87,87
.Andrew city,431,434,438,443,448,448,452,453,455,460,460,460
.Anita city,"1,126","1,130","1,136","1,140","1,143","1,158","1,020","1,017","1,045","1,049","1,051","1,049"
.Ankeny city,"42,648","41,752","40,578","38,669","36,039","34,555","30,740","29,521","28,315","27,584","27,545","27,117"
.Anthon city,634,629,623,626,625,636,638,643,645,648,649,649
.Aplington city,954,998,995,997,"1,007","1,014","1,007","1,018","1,037","1,057","1,058","1,054"
.Arcadia city,439,432,431,425,421,424,432,441,443,444,443,443
.Archer city,115,115,117,119,119,120,122,123,124,126,126,126
.Aredale city,70,75,82,82,83,83,85,86,87,89,89,89
.Arion city,106,112,113,113,116,115,116,136,137,136,136,136
.Arispe city,96,95,93,92,90,90,88,91,88,89,89,89
.Arlington city,449,451,456,466,472,472,478,481,484,490,490,490
.Armstrong city,867,882,881,888,898,900,912,919,930,973,979,979
.Arnolds Park city,"1,332","1,288","1,272","1,260","1,238","1,219","1,185","1,187","1,196","1,202","1,194","1,162"
.Arthur city,204,209,212,214,220,224,230,234,238,244,245,245
.Asbury city,"4,022","3,909","3,745","3,601","3,352","3,168","2,978","2,696","2,579","2,483","2,449","2,450"
.Ashton city,417,423,423,432,436,447,451,452,459,460,461,461
.Aspinwall city,64,64,65,65,66,66,66,66,66,67,60,58
.Atalissa city,306,305,307,308,309,308,312,316,319,313,311,283
.Atkins city,"1,588","1,560","1,516","1,422","1,330","1,226","1,133","1,083","1,044",998,986,977
.Atlantic city,"6,728","6,752","6,767","6,797","6,800","6,900","7,036","7,036","7,156","7,254","7,257","7,257"
.Auburn city,265,267,270,275,276,280,282,285,296,298,296,296
.Audubon city,"2,120","2,149","2,152","2,160","2,183","2,232","2,251","2,300","2,338","2,385","2,386","2,382"
.Aurelia city,919,926,943,949,961,973,993,"1,016","1,041","1,061","1,064","1,062"
.Aurora city,181,183,183,183,182,183,191,191,192,194,194,194
.Avoca city,"1,511","1,508","1,507","1,516","1,525","1,556","1,574","1,584","1,592","1,607","1,609","1,610"
.Ayrshire city,175,176,179,180,183,185,187,193,198,201,202,202
.Badger city,572,571,574,578,580,587,581,589,600,609,610,610
.Bagley city,313,318,321,328,332,341,342,342,345,352,354,354
.Baldwin city,135,134,134,136,129,122,123,124,126,127,127,127
.Balltown city,71,71,72,72,69,82,79,79,79,79,79,73
.Bancroft city,714,720,729,737,749,755,769,775,792,806,808,808
.Bankston city,26,26,26,26,26,27,27,27,27,27,27,27
.Barnes City city,221,222,222,222,223,223,222,223,226,227,201,201
.Barnum city,191,191,192,194,195,192,194,197,195,196,198,195
.Bassett city,68,69,69,70,70,71,72,73,74,74,74,74
.Batavia city,475,474,480,479,483,487,487,488,497,500,500,500
.Battle Creek city,645,660,661,669,697,705,719,720,730,741,743,743
.Baxter city,"1,032","1,039","1,042","1,040","1,045","1,051","1,061","1,056","1,048","1,055","1,052","1,052"
.Bayard city,470,477,481,501,510,522,521,519,518,535,536,536
.Beacon city,522,526,527,528,533,527,525,528,529,529,524,518
.Beaconsfield city,10,10,10,10,11,11,11,11,11,11,11,11
.Beaman city,172,172,173,178,181,185,195,201,206,210,210,210
.Beaver city,50,51,51,52,52,52,52,52,53,53,53,53
.Bedford city,"1,470","1,467","1,481","1,509","1,506","1,537","1,560","1,582","1,603","1,624","1,620","1,620"
.Belle Plaine city,"2,833","2,826","2,823","2,845","2,876","2,889","2,863","2,890","2,863","2,876","2,878","2,878"
.Bellevue city,"2,302","2,313","2,329","2,288","2,297","2,307","2,338","2,360","2,382","2,360","2,382","2,350"
.Belmond city,"2,269","2,294","2,331","2,357","2,397","2,437","2,459","2,487","2,505","2,558","2,560","2,560"
.Bennett city,360,363,364,367,370,374,383,387,390,395,393,395
.Benton city,35,37,38,38,38,39,40,38,39,40,40,40
.Berkley city,26,27,27,27,27,27,24,24,24,24,24,24
.Bernard city,98,98,99,99,100,101,101,102,102,102,102,97
.Bertram city,281,282,274,269,270,262,265,269,267,268,267,681
.Bettendorf city,"33,175","32,703","32,412","32,157","31,714","31,449","31,357","31,399","31,323","31,295","31,258","31,275"
.Bevington city,60,61,61,62,62,63,63,62,62,61,61,58
.Birmingham city,421,422,422,420,419,420,421,421,420,424,423,423
.Blairsburg city,217,214,218,221,223,225,225,229,229,234,235,235
.Blairstown city,689,688,686,690,696,699,696,700,695,682,683,682
.Blakesburg city,350,352,354,357,361,364,369,367,370,371,372,374
.Blanchard city,60,61,63,64,64,64,59,59,60,61,61,61
.Blencoe city,197,200,203,206,210,215,220,221,223,230,231,231
.Blockton city,170,170,180,183,184,186,187,189,191,192,192,192
.Bloomfield city,"2,565","2,570","2,569","2,558","2,544","2,570","2,555","2,602","2,597","2,603","2,605","2,601"
.Blue Grass city,"1,425","1,403","1,375","1,313","1,301","1,255","1,229","1,177","1,165","1,170","1,171","1,169"
.Bode city,296,300,303,308,309,313,314,317,322,326,327,327
.Bonaparte city,444,445,446,444,444,449,444,449,453,458,458,458
.Bondurant city,"3,004","2,839","2,581","2,454","2,232","2,160","2,016","1,974","1,939","1,871","1,880","1,846"
.Boone city,"12,479","12,526","12,581","12,599","12,684","12,732","12,716","12,725","12,689","12,810","12,813","12,803"
.Bouton city,157,156,148,146,153,147,141,140,140,137,136,136
.Boxholm city,197,199,202,203,206,207,209,210,213,215,215,215
.Boyden city,689,685,681,681,677,683,689,690,697,696,697,672
.Braddyville city,162,163,166,169,169,170,170,171,175,175,176,176
.Bradgate city,91,93,94,96,96,93,94,96,98,101,101,101
.Brandon city,326,329,329,329,312,313,317,317,308,310,311,311
.Brayton city,131,133,134,135,137,140,157,127,130,135,145,145
.Breda city,443,444,448,448,453,452,458,465,469,475,482,477
.Bridgewater city,156,158,161,163,164,167,167,168,170,174,175,178
.Brighton city,675,677,676,677,680,684,687,692,699,689,687,687
.Bristow city,160,189,190,193,197,200,196,200,196,202,202,202
.Britt city,"1,858","1,890","1,912","1,945","1,980","1,997","1,988","1,981","2,005","2,049","2,052","2,052"
.Bronson city,286,282,283,283,276,277,273,272,274,271,269,269
.Brooklyn city,"1,336","1,341","1,365","1,357","1,357","1,393","1,367","1,365","1,379","1,368","1,367","1,367"
.Brunsville city,137,138,139,141,143,144,144,143,145,146,146,146
.Buckeye city,94,96,97,97,99,100,108,108,110,110,110,110
.Buck Grove city,51,52,52,52,53,51,49,49,49,49,49,49
.Buffalo city,"1,346","1,335","1,329","1,328","1,331","1,338","1,348","1,362","1,375","1,384","1,387","1,321"
.Buffalo Center city,830,835,845,861,884,891,912,919,936,962,962,963
.Burlington city,"25,527","25,383","25,288","25,165","25,192","25,411","25,774","25,979","26,411","26,775","26,848","26,839"
.Burt city,487,491,498,505,515,520,527,534,543,554,556,556
.Bussey city,435,438,440,444,448,448,449,444,450,450,450,450
.Calamus city,395,395,397,402,401,394,392,392,391,393,394,394
.Callender city,426,427,429,431,433,431,433,433,434,432,430,424
.Calmar city,999,"1,010","1,023","1,029","1,041","1,052","1,061","1,073","1,079","1,062","1,058","1,058"
.Calumet city,151,151,153,156,157,160,170,173,177,180,181,181
.Camanche city,"4,268","4,266","4,258","4,243","4,224","4,210","4,173","4,187","4,197","4,210","4,215","4,215"
.Cambridge city,811,807,800,801,804,811,815,824,828,827,825,819
.Cantril city,254,255,255,254,253,254,255,255,255,257,257,257
.Carbon city,22,22,23,23,23,24,24,24,27,28,28,28
.Carlisle city,"3,726","3,690","3,672","3,621","3,564","3,563","3,565","3,544","3,550","3,589","3,566","3,497"
.Carpenter city,129,130,130,131,130,131,130,130,130,130,130,130
.Carroll city,"9,877","9,869","9,919","9,904","9,971","9,929","9,906","9,971","10,007","10,067","10,098","10,106"
.Carson city,715,711,706,702,689,688,690,652,655,666,668,668
.Carter Lake city,"3,208","3,208","3,231","3,260","3,254","3,275","3,269","3,256","3,243","3,253","3,248","3,248"
.Cascade city,"2,146","2,127","2,120","2,099","2,016","2,025","1,987","1,975","1,974","1,974","1,973","1,958"
.Casey city,389,395,394,401,407,417,464,464,466,476,478,478
.Castalia city,161,163,160,156,156,156,154,157,157,158,156,175
.Castana city,158,160,163,165,168,171,173,172,174,178,178,178
.Cedar Falls city,"38,714","38,215","37,450","37,019","36,477","36,234","36,039","36,061","36,259","36,202","36,142","36,145"
.Cedar Rapids city,"127,764","127,202","126,132","124,717","123,965","122,932","122,946","123,346","122,764","121,836","121,482","120,758"
.Center Junction city,113,114,115,116,121,124,126,127,129,133,135,131
.Center Point city,"2,321","2,325","2,296","2,262","2,232","2,193","2,161","2,121","2,071","2,023","2,006","2,007"
.Centerville city,"5,367","5,406","5,458","5,576","5,644","5,688","5,771","5,734","5,821","5,909","5,930","5,924"
.Central City city,"1,172","1,174","1,169","1,160","1,144","1,149","1,161","1,161","1,159","1,155","1,167","1,157"
.Centralia city,98,98,98,98,99,100,100,101,101,101,101,101
.Chariton city,"4,348","4,422","4,476","4,490","4,563","4,594","4,547","4,563","4,578","4,585","4,601","4,573"
.Charles City city,"7,346","7,403","7,487","7,551","7,540","7,584","7,604","7,652","7,680","7,790","7,812","7,812"
.Charlotte city,435,437,441,412,416,417,417,421,425,422,421,421
.Charter Oak city,496,498,503,505,513,517,513,517,522,528,530,530
.Chatsworth city,83,87,87,89,89,88,89,90,88,89,89,89
.Chelsea city,267,270,273,273,277,280,280,280,283,286,287,287
.Cherokee city,"4,673","4,708","4,788","4,826","4,934","5,022","5,053","5,148","5,283","5,354","5,369","5,369"
.Chester city,136,138,138,139,141,142,146,147,149,151,151,151
.Chillicothe city,83,84,84,86,86,87,90,90,90,89,91,90
.Churdan city,359,364,369,373,382,389,396,403,407,416,418,418
.Cincinnati city,360,365,370,381,396,399,407,405,421,427,428,428
.Clare city,172,172,173,175,175,177,181,184,187,190,190,190
.Clarence city,956,962,962,971,977,981,995,"1,007","1,011","1,015","1,008","1,008"
.Clarinda city,"5,301","5,353","5,571","5,574","5,499","5,450","5,469","5,570","5,748","5,673","5,690","5,690"
.Clarion city,"2,671","2,707","2,742","2,770","2,799","2,821","2,816","2,870","2,909","2,960","2,969","2,968"
.Clarksville city,"1,272","1,335","1,341","1,349","1,368","1,386","1,382","1,392","1,413","1,440","1,441","1,441"
.Clayton city,51,51,52,52,53,53,54,55,55,55,55,55
.Clearfield city,351,352,359,363,362,363,363,372,373,376,375,371
.Clear Lake city,"7,786","7,796","7,819","7,814","7,871","7,926","8,012","8,021","8,089","8,176","8,173","8,161"
.Cleghorn city,222,224,228,231,236,239,241,243,247,250,250,250
.Clemons city,145,145,145,145,146,147,147,147,148,148,148,148
.Clermont city,683,679,679,688,693,688,701,703,705,711,717,716
.Clinton city,"26,459","26,562","26,606","26,779","26,829","26,990","27,172","27,360","27,571","27,700","27,772","27,772"
.Clio city,71,71,71,73,75,79,86,87,88,91,91,91
.Clive city,"15,469","15,181","14,442","14,113","13,961","13,587","13,783","13,653","13,379","12,995","12,796","12,855"
.Clutier city,219,221,223,225,228,230,228,228,228,229,229,229
.Coburg city,29,29,30,30,31,30,30,30,31,31,31,31
.Coggon city,711,709,708,705,705,714,719,733,740,749,749,745
.Coin city,193,198,202,206,207,209,236,241,247,251,252,252
.Colesburg city,371,375,380,382,383,388,396,402,405,411,412,412
.Colfax city,"2,186","2,202","2,212","2,218","2,195","2,216","2,205","2,212","2,215","2,228","2,257","2,223"
.College Springs city,222,227,232,235,237,236,238,240,244,246,246,246
.Collins city,480,478,475,474,476,483,490,495,495,499,499,499
.Colo city,869,866,854,855,853,863,866,872,855,862,886,868
.Columbus City city,335,351,354,357,359,369,373,376,377,376,376,376
.Columbus Junction city,"1,783","1,837","1,833","1,831","1,821","1,867","1,888","1,899","1,893","1,897","1,900","1,900"
.Colwell city,73,73,74,75,75,75,76,76,75,76,76,76
.Conesville city,439,438,442,445,448,451,425,427,430,426,424,424
.Conrad city,995,988,986,999,997,"1,006","1,019","1,045","1,050","1,055","1,055","1,055"
.Conway city,59,59,60,61,61,62,62,62,63,63,63,63
.Coon Rapids city,"1,238","1,242","1,253","1,245","1,253","1,255","1,289","1,314","1,300","1,300","1,305","1,305"
.Coppock city,63,64,64,64,65,65,65,65,64,64,57,57
.Coralville city,"18,827","18,667","18,347","18,063","17,788","17,570","17,087","16,764","16,016","15,214","15,182","15,123"
.Corning city,"1,555","1,596","1,618","1,633","1,644","1,687","1,721","1,729","1,750","1,783","1,787","1,783"
.Correctionville city,855,848,842,846,853,861,864,860,856,852,851,851
.Corwith city,304,310,313,319,325,329,333,334,340,349,350,350
.Corydon city,"1,459","1,455","1,466","1,492","1,485","1,505","1,527","1,543","1,552","1,588","1,591","1,591"
.Cotter city,44,46,47,47,47,48,48,48,48,48,48,48
.Coulter city,251,252,254,253,256,256,258,260,259,261,262,262
.Council Bluffs city,"60,391","60,318","59,944","59,672","59,453","59,062","58,341","58,450","58,291","58,346","58,194","58,268"
.Craig city,95,96,97,98,99,100,100,100,101,102,102,102
.Crawfordsville city,300,300,300,301,301,301,300,299,300,296,295,295
.Crescent city,709,637,607,612,591,598,600,512,514,519,520,537
.Cresco city,"3,698","3,703","3,704","3,717","3,742","3,768","3,793","3,843","3,870","3,899","3,910","3,905"
.Creston city,"7,556","7,497","7,427","7,384","7,344","7,331","7,331","7,418","7,517","7,570","7,597","7,597"
.Cromwell city,120,119,118,117,117,117,116,119,119,120,120,120
.Crystal Lake city,252,256,259,262,267,271,274,275,279,285,285,285
.Cumberland city,243,244,246,246,247,250,255,253,276,281,281,281
.Cumming city,315,309,299,275,250,225,207,185,177,167,160,162
.Curlew city,56,57,58,58,59,59,59,60,61,62,62,62
.Cushing city,239,236,235,236,235,240,238,241,243,246,246,246
.Cylinder city,99,98,99,98,100,101,102,105,108,110,110,110
.Dakota City city,820,828,820,833,835,850,859,874,894,908,911,911
.Dallas Center city,"1,699","1,677","1,591","1,538","1,580","1,798","1,694","1,671","1,655","1,606","1,604","1,595"
.Dana city,76,77,78,79,81,82,82,82,83,84,84,84
.Danbury city,328,325,324,326,321,327,328,376,380,384,384,384
.Danville city,864,856,852,847,849,858,900,899,914,914,914,914
.Davenport city,"101,335","100,181","98,814","98,812","98,282","97,880","97,613","97,430","97,787","98,228","98,359","98,359"
.Davis City city,250,249,250,253,255,255,273,272,273,274,275,275
.Dawson city,158,158,153,151,163,206,188,178,168,157,155,155
.Dayton city,820,820,822,829,833,843,851,864,881,886,887,884
.Decatur City city,187,186,188,191,192,192,199,198,199,198,199,199
.Decorah city,"7,765","7,799","7,896","7,909","7,965","7,987","7,959","8,033","8,139","8,166","8,182","8,172"
.Dedham city,224,226,229,234,243,247,256,266,271,278,280,280
.Deep River city,269,272,275,277,278,282,287,286,287,288,288,288
.Defiance city,308,314,321,325,328,334,338,338,345,346,346,346
.Delaware city,180,182,184,185,186,188,187,188,188,188,188,188
.Delhi city,489,490,496,495,497,499,457,452,451,457,458,458
.Delmar city,484,486,489,489,498,499,504,510,510,511,514,514
.Deloit city,279,280,282,283,285,285,285,287,285,287,288,288
.Delphos city,24,24,24,24,25,26,24,24,24,25,25,25
.Delta city,391,393,396,396,402,407,412,412,411,411,410,410
.Denison city,"7,187","7,182","7,238","7,217","7,242","7,275","7,313","7,348","7,354","7,339","7,342","7,339"
.Denver city,"1,604","1,613","1,629","1,626","1,624","1,636","1,596","1,593","1,615","1,620","1,642","1,627"
.Derby city,131,133,135,136,137,137,134,133,132,131,131,131
.Des Moines city,"200,538","197,639","195,701","194,880","194,362","193,574","197,106","198,652","200,500","199,607","199,007","198,682"
.De Soto city,"1,216","1,210","1,165","1,146","1,195","1,151","1,093","1,079","1,050","1,016","1,009","1,009"
.De Witt city,"5,243","5,254","5,243","5,245","5,214","5,173","5,144","5,021","5,011","5,044","5,056","5,049"
.Dexter city,862,857,810,790,827,791,748,733,724,699,694,689
.Diagonal city,278,287,289,291,296,303,305,303,308,312,312,312
.Dickens city,185,186,187,189,190,192,194,196,200,202,202,202
.Dike city,"1,148","1,135","1,127","1,146","1,149","1,118","1,088",998,961,952,952,944
.Dixon city,249,246,261,259,257,258,282,267,269,272,268,276
.Dolliver city,60,62,71,71,72,73,74,75,76,77,77,77
.Donahue city,323,293,290,288,286,287,287,290,292,292,293,293
.Donnellson city,891,886,883,895,902,916,918,937,948,962,981,963
.Doon city,519,518,515,519,524,524,525,527,528,532,533,533
.Dougherty city,76,76,77,77,78,79,79,79,80,80,80,80
.Dow City city,456,454,457,458,463,503,505,504,505,504,503,503
.Dows city,551,558,565,572,584,595,602,614,658,673,675,675
.Drakesville city,216,217,217,215,215,218,218,185,184,185,185,185
.Dubuque city,"57,241","57,163","57,209","57,003","57,252","57,302","57,385","56,946","57,222","57,696","57,771","57,686"
.Dumont city,600,629,635,640,643,649,644,651,656,676,676,676
.Duncombe city,450,451,455,458,460,466,470,482,489,473,474,474
.Dundee city,166,168,170,171,172,173,175,177,177,179,179,179
.Dunkerton city,815,807,798,791,772,785,783,770,761,754,752,749
.Dunlap city,"1,084","1,083","1,107","1,122","1,084","1,083","1,093","1,105","1,125","1,139","1,139","1,139"
.Durango city,22,22,22,22,23,23,23,24,24,24,24,24
.Durant city,"1,704","1,697","1,695","1,680","1,634","1,726","1,599","1,601","1,593","1,603","1,677","1,677"
.Dyersville city,"4,182","4,153","4,167","4,135","4,121","4,076","4,141","4,119","4,001","4,050","4,051","4,035"
.Dysart city,"1,255","1,267","1,273","1,281","1,288","1,302","1,288","1,306","1,300","1,301","1,303","1,303"
.Eagle Grove city,"3,257","3,301","3,351","3,397","3,455","3,496","3,525","3,571","3,631","3,706","3,712","3,712"
.Earlham city,"1,323","1,331","1,333","1,313","1,302","1,301","1,305","1,304","1,314","1,300","1,298","1,298"
.Earling city,427,433,437,443,446,459,463,462,467,471,471,471
.Earlville city,820,829,839,844,844,855,865,873,884,899,900,900
.Early city,506,514,522,531,535,548,556,572,599,608,605,605
.East Peru city,142,144,152,153,153,155,153,154,151,153,153,153
.Eddyville city,"1,049","1,051","1,052","1,058","1,063","1,065","1,060","1,066","1,066","1,065","1,064","1,064"
.Edgewood city,887,895,900,900,890,895,904,914,918,920,923,923
.Elberon city,227,229,232,234,237,240,244,244,244,245,245,245
.Eldon city,956,953,950,966,967,976,991,998,999,999,999,998
.Eldora city,"2,710","2,746","2,759","2,782","2,821","2,859","2,901","2,976","3,003","3,035","3,035","3,035"
.Eldridge city,"4,948","4,881","4,816","4,594","4,459","4,586","4,651","4,734","4,431","4,219","4,169","4,159"
.Elgin city,614,616,624,638,645,648,655,662,667,676,676,676
.Elkader city,"1,331","1,343","1,354","1,370","1,376","1,399","1,409","1,427","1,463","1,464","1,465","1,465"
.Elkhart city,468,463,462,465,421,354,370,367,364,362,368,362
.Elk Horn city,607,607,605,595,598,612,620,631,636,648,649,649
.Elkport city,100,101,102,104,105,106,107,109,111,112,113,88
.Elk Run Heights city,"1,081","1,073","1,068","1,076","1,083","1,077","1,085","1,054","1,045","1,050","1,121","1,052"
.Elliott city,361,361,367,374,378,378,380,385,392,403,402,402
.Ellston city,52,52,53,53,54,55,56,55,56,57,57,57
.Ellsworth city,506,510,521,528,527,530,537,537,535,530,532,531
.Elma city,565,561,561,565,572,576,574,586,602,596,598,598
.Ely city,"1,618","1,575","1,550","1,508","1,459","1,435","1,320","1,251","1,210","1,157","1,146","1,149"
.Emerson city,481,487,490,492,483,478,476,479,475,480,480,480
.Emmetsburg city,"3,578","3,591","3,632","3,629","3,667","3,708","3,723","3,805","3,871","3,901","3,904","3,958"
.Epworth city,"1,631","1,613","1,591","1,581","1,569","1,595","1,561","1,529","1,500","1,484","1,451","1,428"
.Essex city,776,798,809,819,825,830,843,854,873,880,884,884
.Estherville city,"6,193","6,267","6,242","6,252","6,313","6,334","6,459","6,530","6,564","6,620","6,657","6,656"
.Evansdale city,"5,068","5,025","4,966","4,948","4,924","4,530","4,447","4,456","4,484","4,523","4,526","4,526"
.Everly city,624,628,630,636,641,647,655,651,651,648,644,647
.Exira city,713,723,731,742,751,767,774,791,808,806,810,810
.Exline city,161,162,165,168,171,171,133,188,190,191,191,191
.Fairbank city,"1,073","1,079","1,017","1,019","1,017","1,021","1,030","1,030","1,041","1,050","1,043","1,041"
.Fairfax city,"1,950","1,869","1,756","1,600","1,503","1,424","1,293","1,206","1,075",964,925,889
.Fairfield city,"9,201","9,178","9,252","9,207","9,214","9,302","9,356","9,418","9,511","9,592","9,615","9,509"
.Farley city,"1,436","1,422","1,416","1,402","1,396","1,369","1,355","1,358","1,346","1,346","1,342","1,334"
.Farmersburg city,270,271,275,276,279,282,283,287,294,298,300,300
.Farmington city,719,719,721,717,717,724,729,737,742,755,756,756
.Farnhamville city,349,357,361,368,374,397,401,409,420,429,430,430
.Farragut city,452,459,467,464,467,472,479,483,498,508,523,509
.Fayette city,"1,329","1,329","1,288","1,294","1,296","1,328","1,296","1,281","1,313","1,349","1,351","1,300"
.Fenton city,256,259,263,269,273,280,282,290,305,315,317,317
.Ferguson city,121,121,121,121,122,123,123,123,126,126,126,126
.Fertile city,346,349,349,348,353,353,355,360,361,362,360,360
.Floris city,153,154,154,154,154,155,154,155,155,153,153,153
.Floyd city,333,333,340,339,337,340,353,355,358,360,361,361
.Fonda city,550,559,566,569,579,584,608,620,633,644,648,648
.Fontanelle city,617,627,644,655,650,679,680,682,696,689,689,692
.Forest City city,"3,964","4,003","4,053","4,116","4,199","4,184","4,214","4,202","4,363","4,396","4,389","4,362"
.Fort Atkinson city,356,360,365,367,372,375,376,385,387,388,389,389
.Fort Dodge city,"25,083","25,125","25,161","25,200","25,211","25,495","25,786","25,984","26,205","26,297","26,344","25,136"
.Fort Madison city,"10,870","10,887","10,984","10,999","11,039","11,184","11,158","11,215","11,396","11,635","11,682","10,715"
.Fostoria city,238,239,240,241,237,236,231,230,231,230,230,230
.Franklin city,126,124,125,127,126,127,128,131,133,135,136,136
.Fraser city,115,116,118,118,120,118,136,136,139,137,137,137
.Fredericksburg city,893,869,874,878,880,897,924,948,974,981,984,984
.Frederika city,188,189,191,192,193,194,196,195,198,199,199,199
.Fredonia city,206,217,220,222,223,227,227,226,224,252,254,251
.Fremont city,673,677,678,679,685,682,697,702,705,709,727,704
.Fruitland city,951,942,883,859,843,857,760,742,732,712,701,703
.Galt city,27,28,28,28,29,29,29,29,30,30,30,30
.Galva city,294,296,299,301,312,335,344,351,357,366,368,368
.Garber city,72,73,74,75,76,77,95,96,102,103,103,103
.Garden Grove city,240,240,237,241,242,236,249,248,248,248,250,250
.Garnavillo city,714,722,728,734,740,750,758,729,738,750,754,754
.Garner city,"2,877","2,920","2,918","2,940","2,935","2,897","2,934","2,914","2,936","2,929","2,922","2,922"
.Garrison city,403,402,402,406,410,424,421,420,415,413,413,413
.Garwin city,525,532,538,543,549,557,553,557,561,564,565,565
.Geneva city,159,172,173,174,176,173,174,173,172,171,171,171
.George city,954,957,969,981,993,"1,004","1,014","1,028","1,039","1,048","1,051","1,051"
.Gibson city,71,71,72,72,73,74,75,92,92,92,92,92
.Gilbert city,"1,080","1,063","1,043","1,045","1,028","1,033","1,002","1,003","1,006",994,987,987
.Gilbertville city,742,734,728,717,705,769,716,756,762,767,767,767
.Gillett Grove city,54,54,58,58,59,59,55,53,54,55,55,55
.Gilman city,559,560,562,562,568,575,581,587,594,600,600,600
.Gilmore City city,481,488,493,499,506,518,527,534,541,553,556,556
.Gladbrook city,980,991,986,"1,010","1,020","1,036","1,014","1,001","1,015","1,014","1,015","1,015"
.Glenwood city,"5,656","5,681","5,654","5,623","5,516","5,461","5,332","5,364","5,349","5,396","5,396","5,358"
.Glidden city,"1,202","1,205","1,206","1,212","1,219","1,242","1,254","1,255","1,270","1,279","1,253","1,253"
.Goldfield city,600,606,613,621,630,635,642,653,666,679,680,680
.Goodell city,139,142,143,146,149,150,170,169,171,174,174,174
.Goose Lake city,232,233,232,234,235,234,233,235,229,231,232,232
.Gowrie city,"1,011","1,011","1,023","1,031","1,036","1,045","1,063","1,042","1,052","1,041","1,038","1,038"
.Graettinger city,831,835,842,842,853,860,856,878,893,900,900,900
.Graf city,74,74,74,74,74,74,74,74,73,73,73,73
.Grafton city,267,279,280,281,285,290,289,289,288,290,290,290
.Grand Junction city,846,857,874,883,906,918,928,941,945,961,964,964
.Grand Mound city,641,644,648,655,656,660,667,674,675,676,676,676
.Grand River city,188,187,189,191,192,192,193,223,235,231,225,225
.Grandview city,566,592,594,592,592,604,620,620,610,611,612,600
.Granger city,"1,230","1,172","1,103","1,045","1,007",852,684,692,669,649,594,583
.Grant city,91,92,93,95,96,96,96,98,100,102,102,102
.Granville city,316,318,321,319,318,316,319,325,327,325,325,325
.Gravity city,202,202,205,209,208,211,213,214,216,219,218,218
.Gray city,74,75,75,76,77,78,78,79,80,82,82,82
.Greeley city,256,259,262,263,265,268,270,273,274,276,276,276
.Greene city,928,974,977,984,989,996,"1,057","1,063","1,079","1,096","1,104","1,099"
.Greenfield city,"1,851","1,875","1,913","1,933","1,952","1,980","2,011","2,024","2,068","2,117","2,129","2,129"
.Greenville city,84,84,85,86,86,88,89,90,92,93,93,93
.Grimes city,"8,794","8,418","7,821","6,963","6,536","5,815","5,513","5,309","5,260","5,125","5,123","5,098"
.Grinnell city,"9,064","9,116","9,206","9,172","9,193","9,204","9,127","9,053","9,092","9,101","9,122","9,105"
.Griswold city,941,948,956,959,965,974,"1,003","1,003","1,016","1,037","1,039","1,039"
.Grundy Center city,"2,524","2,505","2,507","2,562","2,568","2,567","2,565","2,616","2,623","2,605","2,596","2,596"
.Gruver city,94,96,96,97,98,99,101,102,104,105,106,106
.Guernsey city,65,66,67,67,67,68,69,69,70,70,70,70
.Guthrie Center city,"1,496","1,519","1,540","1,568","1,578","1,611","1,622","1,622","1,637","1,661","1,668","1,668"
.Guttenberg city,"1,879","1,891","1,915","1,931","1,940","1,932","1,915","1,951","1,967","1,983","1,992","1,987"
.Halbur city,207,209,211,212,215,214,204,207,209,212,213,202
.Hamburg city,"1,141","1,158","1,183","1,183","1,186","1,195","1,207","1,212","1,231","1,259","1,227","1,240"
.Hamilton city,138,139,140,141,142,141,142,143,145,144,144,144
.Hampton city,"4,152","4,157","4,185","4,162","4,203","4,180","4,161","4,185","4,165","4,208","4,218","4,218"
.Hancock city,195,196,197,199,201,203,204,204,204,207,207,207
.Hanlontown city,224,226,226,226,230,229,228,228,227,229,229,229
.Hansell city,98,96,97,98,99,97,97,98,95,96,96,96
.Harcourt city,313,313,313,313,315,319,325,330,334,339,340,340
.Hardy city,87,88,89,90,91,92,93,55,56,57,57,57
.Harlan city,"4,895","4,974","5,057","5,056","5,087","5,180","5,185","5,218","5,270","5,286","5,282","5,282"
.Harper city,113,114,114,115,118,121,123,124,133,134,134,134
.Harpers Ferry city,313,314,316,313,316,315,320,318,322,330,330,330
.Harris city,176,179,179,184,191,194,194,195,198,199,200,200
.Hartford city,781,782,784,760,759,765,766,762,760,765,759,759
.Hartley city,"1,497","1,494","1,515","1,531","1,536","1,508","1,545","1,567","1,697","1,727","1,733","1,733"
.Hartwick city,77,78,79,79,80,81,82,82,83,83,83,83
.Harvey city,267,269,270,272,273,273,273,276,279,278,277,277
.Hastings city,165,167,167,168,165,215,217,220,220,216,214,214
.Havelock city,164,167,169,170,174,178,141,175,172,176,177,177
.Haverhill city,160,160,161,161,162,167,168,169,169,170,170,170
.Hawarden city,"2,367","2,373","2,382","2,378","2,396","2,415","2,398","2,441","2,459","2,475","2,478","2,478"
.Hawkeye city,435,438,444,454,457,460,470,476,482,489,489,489
.Hayesville city,61,61,62,62,63,63,64,64,64,64,64,64
.Hazleton city,924,932,929,927,913,914,918,941,947,949,950,950
.Hedrick city,794,799,803,800,808,823,837,843,844,839,837,837
.Henderson city,167,168,169,170,167,170,172,170,171,171,171,171
.Hepburn city,26,27,28,28,36,36,38,38,39,39,39,39
.Hiawatha city,"6,697","6,693","6,668","6,634","6,628","6,594","6,573","6,573","6,548","6,520","6,514","6,480"
.Hills city,762,683,640,638,646,657,665,667,672,673,678,679
.Hillsboro city,197,199,201,202,204,203,204,203,206,205,205,205
.Hinton city,836,841,843,835,834,830,809,812,824,812,808,808
.Holland city,254,254,255,259,261,261,253,242,243,249,250,250
.Holstein city,"1,362","1,394","1,401","1,407","1,382","1,400","1,416","1,437","1,451","1,466","1,473","1,470"
.Holy Cross city,355,350,347,342,335,339,339,333,331,338,341,339
.Hopkinton city,636,641,646,644,640,648,659,671,676,681,681,681
.Hornick city,240,238,238,239,240,244,246,248,250,253,253,253
.Hospers city,690,666,667,664,667,671,672,669,670,672,670,672
.Houghton city,126,126,128,127,125,120,119,121,129,130,130,130
.Hubbard city,805,815,823,827,836,851,860,867,882,885,885,885
.Hudson city,"2,201","2,174","2,150","2,147","2,136","2,135","2,132","2,143","2,127","2,120","2,117","2,117"
.Hull city,"2,031","2,035","2,018","2,021","2,012","2,014","2,018","2,028","1,984","1,963","1,960","1,960"
.Humboldt city,"4,191","4,219","4,241","4,292","4,301","4,334","4,374","4,391","4,475","4,458","4,452","4,452"
.Humeston city,524,522,522,531,532,537,539,541,540,545,545,543
.Huxley city,"2,844","2,815","2,718","2,628","2,493","2,464","2,448","2,459","2,367","2,337","2,329","2,316"
.Ida Grove city,"2,022","2,072","2,090","2,098","2,157","2,190","2,231","2,263","2,296","2,338","2,350","2,350"
.Imogene city,56,57,59,59,59,59,60,60,64,66,66,66
.Independence city,"6,074","6,104","6,097","6,061","6,005","5,989","5,966","5,961","6,022","6,061","6,067","6,014"
.Indianola city,"14,506","14,444","14,364","14,210","14,045","13,732","13,378","13,132","13,082","13,189","13,178","12,998"
.Inwood city,840,843,843,850,854,854,860,874,872,875,875,875
.Ionia city,255,257,259,262,262,266,268,272,277,277,277,277
.Iowa City city,"69,086","67,768","66,775","66,006","65,641","65,436","64,602","63,936","63,554","62,865","62,422","62,220"
.Iowa Falls city,"4,893","4,957","4,992","5,040","5,031","5,056","5,110","5,101","5,143","5,194","5,198","5,193"
.Ireton city,576,578,582,583,582,582,577,575,579,584,585,585
.Irwin city,346,353,359,360,363,366,366,369,370,372,372,372
.Jackson Junction city,62,62,61,59,60,59,59,60,60,60,60,60
.Jamaica city,221,224,226,230,233,237,235,233,233,236,237,237
.Janesville city,876,866,860,862,866,874,817,818,823,826,829,829
.Jefferson city,"4,117","4,161","4,222","4,249","4,351","4,430","4,443","4,470","4,516","4,614","4,626","4,626"
.Jesup city,"2,408","2,405","2,383","2,355","2,376","2,366","2,179","2,162","2,194","2,211","2,212","2,212"
.Jewell Junction city,"1,138","1,149","1,166","1,179","1,189","1,198","1,210","1,221","1,216","1,238","1,239","1,239"
.Johnston city,"15,918","15,580","15,268","14,457","13,632","12,411","11,161","10,237","9,455","8,995","8,935","8,649"
.Joice city,226,228,228,228,232,231,230,230,229,231,231,231
.Jolley city,31,31,32,32,33,36,52,52,53,54,54,54
.Kalona city,"2,532","2,508","2,493","2,474","2,433","2,408","2,367","2,359","2,358","2,301","2,293","2,293"
.Kamrar city,208,210,213,215,215,217,222,223,224,229,227,229
.Kanawha city,637,648,656,671,682,690,690,700,713,737,739,739
.Kellerton city,311,315,318,324,333,344,350,354,364,372,372,372
.Kelley city,340,338,336,336,323,314,306,311,309,311,311,300
.Kellogg city,593,598,600,606,616,615,614,610,608,608,606,606
.Kensett city,263,265,267,267,271,272,274,277,275,279,280,280
.Keokuk city,"10,406","10,412","10,494","10,582","10,616","10,686","10,804","10,999","11,218","11,376","11,427","11,427"
.Keomah Village city,92,92,92,92,93,93,93,95,96,97,97,97
.Keosauqua city,"1,083","1,081","1,064","1,058","1,053","1,063","1,059","1,061","1,057","1,069","1,068","1,066"
.Keota city,876,882,890,895,916,956,977,997,"1,011","1,025","1,025","1,025"
.Keswick city,280,282,283,284,288,292,295,296,295,296,295,295
.Keystone city,674,673,671,676,685,684,669,672,669,668,687,687
.Kimballton city,295,299,301,304,306,313,316,324,331,341,342,342
.Kingsley city,"1,244","1,239","1,234","1,229","1,225","1,234","1,234","1,215","1,241","1,248","1,250","1,245"
.Kinross city,76,77,77,78,79,80,81,81,81,80,80,80
.Kirkman city,70,72,73,73,74,75,75,75,76,76,76,76
.Kirkville city,210,211,212,215,217,217,218,217,216,214,214,214
.Kiron city,253,254,257,257,261,263,266,268,270,272,273,273
.Klemme city,516,525,530,540,551,558,564,566,576,591,593,593
.Knierim city,49,51,51,52,57,64,65,66,68,70,70,70
.Knoxville city,"7,263","7,294","7,321","7,417","7,379","7,424","7,506","7,641","7,739","7,740","7,746","7,731"
.Lacona city,349,350,351,353,355,356,358,356,357,363,361,360
.Ladora city,286,285,286,289,289,288,289,287,288,288,287,287
.Lake City city,"1,579","1,610","1,620","1,643","1,668","1,686","1,713","1,747","1,796","1,822","1,827","1,787"
.Lake Mills city,"1,950","1,961","1,958","1,981","2,020","2,034","2,058","2,101","2,090","2,144","2,140","2,140"
.Lake Park city,972,978,971,975,991,"1,005",949,"1,006","1,019","1,029","1,034","1,023"
.Lakeside city,502,503,494,489,486,486,493,494,481,482,484,484
.Lake View city,"1,182","1,195","1,188","1,206","1,212","1,228","1,231","1,264","1,186","1,198","1,317","1,278"
.Lakota city,235,236,240,243,244,246,247,249,251,255,255,255
.Lambs Grove city,206,208,209,211,215,218,221,222,224,225,225,225
.Lamoni city,"2,348","2,340","2,437","2,405","2,447","2,435","2,350","2,392","2,459","2,445","2,454","2,444"
.Lamont city,476,479,479,478,475,480,490,494,501,503,503,503
.La Motte city,266,268,271,275,275,276,279,264,268,272,272,272
.Lanesboro city,126,127,128,129,131,139,135,149,148,151,152,152
.Lansing city,951,948,952,966,971,967,980,972,984,"1,010","1,012","1,012"
.La Porte City city,"2,305","2,285","2,279","2,291","2,299","2,318","2,326","2,276","2,303","2,320","2,321","2,275"
.Larchwood city,767,767,771,784,786,784,786,794,786,788,788,788
.Larrabee city,126,128,131,132,135,137,143,143,147,147,146,149
.Latimer city,539,541,545,543,546,541,527,531,529,534,535,535
.Laurel city,260,261,261,261,264,265,265,266,266,266,266,266
.Laurens city,"1,228","1,246","1,270","1,281","1,305","1,335","1,387","1,412","1,440","1,465","1,476","1,476"
.Lawler city,413,415,419,423,425,432,437,446,457,459,461,461
.Lawton city,790,783,762,738,714,688,690,698,697,700,701,697
.Le Claire city,"3,560","3,376","3,264","3,230","3,195","3,111","2,916","2,997","2,990","2,928","2,890","2,847"
.Ledyard city,127,128,130,132,135,137,139,141,143,147,147,147
.Le Grand city,954,956,954,950,952,944,890,871,876,883,883,883
.Lehigh city,470,470,474,478,479,482,486,490,494,498,497,497
.Leighton city,165,166,166,166,167,161,154,157,156,158,157,153
.Leland city,250,252,254,259,262,262,264,261,251,258,256,258
.Le Mars city,"9,124","9,155","9,152","9,211","9,195","9,227","9,170","9,173","9,185","9,241","9,252","9,237"
.Lenox city,"1,248","1,244","1,263","1,281","1,277","1,316","1,333","1,351","1,375","1,404","1,401","1,401"
.Leon city,"1,834","1,828","1,848","1,861","1,890","1,894","1,924","1,933","1,957","1,971","1,983","1,983"
.Le Roy city,8,8,8,8,8,8,8,13,13,13,13,13
.Lester city,236,237,240,245,248,248,247,249,250,251,251,251
.Letts city,363,380,384,387,389,396,397,397,395,392,392,392
.Lewis city,426,428,431,431,432,427,424,423,431,437,438,438
.Libertyville city,311,308,311,310,312,316,316,315,322,324,325,325
.Lidderdale city,172,173,174,175,178,178,180,182,183,185,186,186
.Lime Springs city,468,471,473,475,478,484,484,485,488,494,496,496
.Lincoln city,152,154,154,156,158,168,176,176,180,181,182,182
.Linden city,269,267,257,253,265,254,240,237,234,228,226,226
.Lineville city,225,225,226,229,231,233,234,270,270,273,273,273
.Linn Grove city,210,209,209,209,210,210,211,211,210,211,211,211
.Lisbon city,"2,018","2,015","1,992","1,971","1,962","1,954","1,957","1,952","1,943","1,912","1,898","1,898"
.Liscomb city,267,267,267,266,270,271,271,271,272,272,272,272
.Little Rock city,447,448,454,464,470,469,474,480,483,488,489,489
.Little Sioux city,199,198,201,204,205,206,208,211,214,217,217,217
.Livermore city,355,363,369,374,376,397,398,404,419,429,431,431
.Lockridge city,258,257,260,261,263,265,267,268,273,275,275,275
.Logan city,"1,407","1,402","1,432","1,448","1,456","1,474","1,495","1,510","1,537","1,551","1,546","1,545"
.Lohrville city,338,348,353,359,364,389,396,406,419,429,426,431
.Lone Rock city,143,144,146,148,151,152,152,153,155,157,157,157
.Lone Tree city,"1,182","1,165","1,150","1,130","1,139","1,213","1,200","1,183","1,166","1,151","1,163","1,151"
.Long Grove city,765,753,752,752,732,731,709,645,588,595,603,597
.Lorimor city,416,413,418,418,417,417,412,422,425,425,427,427
.Lost Nation city,458,461,463,468,472,474,480,485,489,495,497,497
.Lovilia city,522,526,528,535,546,554,557,565,577,581,580,583
.Lowden city,793,799,798,801,803,780,791,774,780,797,797,794
.Low Moor city,220,222,223,225,228,228,231,233,236,239,240,240
.Luana city,239,238,234,239,237,238,241,244,248,248,249,249
.Lucas city,243,247,251,252,253,253,248,246,245,243,243,243
.Luther city,143,145,147,148,152,153,152,153,157,158,158,158
.Lu Verne city,228,230,233,238,286,288,289,292,294,299,299,299
.Luxemburg city,240,238,239,237,239,244,247,245,245,246,246,246
.Luzerne city,100,100,100,100,102,105,107,108,105,105,105,105
.Lynnville city,369,372,373,376,383,384,385,383,381,378,377,366
.Lytton city,254,259,262,268,270,276,280,288,301,306,305,305
.McCallsburg city,335,334,331,328,325,317,314,319,319,318,318,318
.McCausland city,303,297,297,296,294,293,295,295,297,298,299,299
.McClelland city,122,122,123,124,125,126,127,127,127,129,129,129
.Macedonia city,306,307,309,312,315,319,323,320,323,325,325,325
.McGregor city,876,883,893,901,900,905,903,852,856,868,871,871
.McIntire city,141,141,142,143,142,158,166,166,172,173,173,173
.Macksburg city,125,134,140,141,141,143,142,143,140,142,142,142
.Madrid city,"2,359","2,375","2,401","2,392","2,389","2,393","2,376","2,358","2,400","2,421","2,425","2,264"
.Magnolia city,189,188,191,193,195,195,195,196,198,199,199,200
.Maharishi Vedic City city,353,352,311,232,135,130,131,87,89,90,71,(X)
.Malcom city,295,298,303,301,304,311,317,343,346,351,352,352
.Mallard city,264,266,269,271,273,282,282,288,292,295,298,298
.Maloy city,29,29,34,34,33,29,29,27,27,28,28,28
.Malvern city,"1,301","1,315","1,321","1,329","1,301","1,283","1,299","1,254","1,251","1,256","1,256","1,256"
.Manchester city,"4,872","4,886","4,916","4,923","4,946","5,015","5,087","5,167","5,212","5,275","5,279","5,257"
.Manilla city,807,808,812,810,815,820,821,824,823,837,841,839
.Manly city,"1,322","1,331","1,332","1,331","1,338","1,321","1,323","1,340","1,332","1,341","1,342","1,342"
.Manning city,"1,465","1,473","1,487","1,484","1,490","1,492","1,504","1,466","1,472","1,487","1,493","1,490"
.Manson city,"1,620","1,651","1,668","1,694","1,722","1,742","1,761","1,806","1,852","1,887","1,893","1,893"
.Mapleton city,"1,147","1,164","1,168","1,187","1,206","1,235","1,256","1,272","1,292","1,319","1,322","1,416"
.Maquoketa city,"5,801","5,837","5,881","5,950","5,993","6,026","6,033","6,060","6,120","6,138","6,135","6,112"
.Marathon city,291,290,289,290,292,291,293,293,298,301,302,302
.Marble Rock city,322,323,320,321,319,320,321,320,321,325,326,326
.Marcus city,"1,017","1,027","1,034","1,048","1,046","1,059","1,074","1,086","1,119","1,136","1,139","1,139"
.Marengo city,"2,508","2,500","2,503","2,525","2,522","2,511","2,521","2,520","2,530","2,537","2,535","2,535"
.Marion city,"33,452","32,942","32,084","31,298","30,410","29,975","28,781","27,729","27,145","26,567","26,475","26,294"
.Marne city,140,141,142,143,143,144,147,146,148,149,149,149
.Marquette city,430,435,440,442,444,451,451,457,466,481,484,421
.Marshalltown city,"25,814","25,790","25,660","25,545","25,679","25,853","25,763","25,772","25,976","26,014","26,023","26,009"
.Martelle city,254,256,257,255,254,259,255,272,274,280,280,280
.Martensdale city,459,459,460,462,464,466,468,466,465,471,467,467
.Martinsburg city,116,117,118,118,118,121,123,125,125,126,126,126
.Marysville city,52,52,52,53,53,53,53,54,54,54,54,54
.Mason City city,"27,267","27,346","27,438","27,583","27,771","27,999","28,317","28,411","28,741","29,167","29,279","29,172"
.Masonville city,100,101,102,102,102,103,103,104,104,104,104,104
.Massena city,392,394,397,399,399,402,410,407,410,414,414,414
.Matlock city,81,82,82,82,83,83,83,83,83,83,83,83
.Maurice city,258,259,260,260,261,260,260,258,252,254,254,254
.Maxwell city,842,837,827,822,808,809,807,814,814,813,812,807
.Maynard city,433,435,440,448,455,477,485,492,499,501,500,500
.Maysville city,163,162,160,161,159,159,160,162,163,163,163,163
.Mechanicsville city,"1,140","1,143","1,144","1,158","1,153","1,162","1,148","1,146","1,151","1,177","1,173","1,173"
.Mediapolis city,"1,623","1,606","1,597","1,579","1,574","1,577","1,587","1,591","1,661","1,646","1,644","1,644"
.Melbourne city,790,792,793,786,787,790,747,780,787,794,794,794
.Melcher-Dallas city,"1,239","1,249","1,251","1,253","1,249","1,255","1,266","1,278","1,300","1,299","1,298","1,298"
.Melrose city,119,120,120,121,123,125,126,126,129,130,130,130
.Melvin city,227,231,230,236,238,242,242,241,243,243,243,243
.Menlo city,348,354,356,361,364,369,363,363,364,365,365,365
.Meriden city,165,167,170,171,175,177,179,179,182,184,184,184
.Merrill city,729,734,742,750,760,770,765,735,746,753,754,754
.Meservey city,220,222,224,226,229,233,243,245,248,252,252,252
.Middletown city,544,541,532,519,515,519,521,528,535,535,535,535
.Miles city,440,441,444,449,453,457,456,459,455,462,462,462
.Milford city,"2,432","2,435","2,419","2,422","2,439","2,449","2,454","2,466","2,491","2,485","2,476","2,474"
.Millersburg city,186,185,186,188,188,186,189,188,185,184,184,184
.Millerton city,41,41,41,42,42,44,48,47,47,48,48,48
.Millville city,21,21,22,22,22,22,22,22,23,23,23,23
.Milo city,828,828,826,829,830,832,827,827,828,844,839,839
.Milton city,491,492,492,490,490,492,493,542,543,550,550,550
.Minburn city,457,454,436,426,444,425,404,402,402,393,391,391
.Minden city,542,544,547,553,555,564,562,561,567,566,564,564
.Mingo city,261,263,264,266,270,272,273,272,271,270,269,269
.Missouri Valley city,"2,746","2,746","2,786","2,820","2,834","2,859","2,863","2,911","2,959","2,987","2,992","2,992"
.Mitchell city,148,149,150,150,149,150,151,152,153,155,155,155
.Mitchellville city,"2,127","2,096","2,108","2,069","2,099","2,075","2,119","2,110","2,089","2,043","2,037","1,715"
.Modale city,282,282,282,284,288,290,294,298,301,303,303,303
.Mondamin city,393,391,397,402,405,409,412,415,420,423,423,423
.Monmouth city,173,175,176,179,181,182,182,182,184,180,180,180
.Monona city,"1,416","1,414","1,419","1,425","1,436","1,460","1,477","1,495","1,525","1,543","1,550","1,550"
.Monroe city,"1,813","1,817","1,813","1,795","1,805","1,815","1,804","1,808","1,814","1,811","1,808","1,808"
.Montezuma city,"1,341","1,351","1,368","1,381","1,392","1,418","1,427","1,435","1,449","1,452","1,457","1,440"
.Monticello city,"3,701","3,705","3,687","3,689","3,663","3,678","3,624","3,636","3,616","3,648","3,670","3,607"
.Montour city,273,276,279,281,285,288,285,284,285,285,285,285
.Montrose city,916,918,929,934,936,934,933,938,949,956,957,957
.Moorhead city,193,197,200,202,204,208,218,220,224,231,232,232
.Moorland city,184,184,185,186,187,188,191,194,198,201,201,197
.Moravia city,658,662,672,685,694,693,694,684,689,693,693,713
.Morley city,91,91,91,91,92,93,92,92,87,88,88,88
.Morning Sun city,803,837,849,852,847,871,871,875,880,871,872,872
.Morrison city,85,85,86,87,88,87,88,90,94,96,98,97
.Moulton city,637,638,650,663,670,668,668,659,655,658,658,658
.Mount Auburn city,163,162,162,163,165,165,163,163,161,160,160,160
.Mount Ayr city,"1,730","1,750","1,764","1,770","1,807","1,786","1,801","1,823","1,850","1,881","1,893","1,822"
.Mount Pleasant city,"8,673","8,704","8,801","8,753","8,782","8,708","8,654","8,492","8,689","8,728","8,759","8,751"
.Mount Sterling city,36,36,36,36,36,39,40,40,40,40,40,40
.Mount Union city,122,124,125,126,127,126,128,129,132,132,132,132
.Mount Vernon city,"4,185","4,171","4,132","4,141","4,110","4,006","4,009","3,937","3,889","3,821","3,810","3,390"
.Moville city,"1,497","1,465","1,455","1,453","1,458","1,471","1,630","1,637","1,614","1,591","1,583","1,583"
.Murray city,794,796,793,787,778,786,761,761,766,769,766,766
.Muscatine city,"22,653","22,550","22,386","22,349","22,290","22,311","22,373","22,511","22,548","22,700","22,714","22,697"
.Mystic city,569,573,582,593,602,601,602,595,597,593,588,588
.Nashua city,"1,494","1,501","1,518","1,528","1,534","1,535","1,557","1,576","1,614","1,619","1,624","1,618"
.Nemaha city,87,88,89,91,92,93,94,95,99,100,99,102
.Neola city,824,822,821,824,820,828,820,825,832,846,852,845
.Nevada city,"6,736","6,681","6,604","6,575","6,528","6,630","6,697","6,694","6,713","6,689","6,667","6,658"
.New Albin city,501,503,506,512,517,518,513,509,512,526,527,527
.Newell city,864,861,859,862,856,846,865,872,872,884,887,887
.Newhall city,957,955,954,961,972,968,966,919,897,888,886,886
.New Hampton city,"3,397","3,417","3,437","3,466","3,445","3,506","3,514","3,585","3,668","3,687","3,704","3,692"
.New Hartford city,581,612,616,620,627,633,634,642,651,660,659,659
.New Liberty city,134,133,133,134,134,134,124,124,125,121,121,121
.New London city,"1,793","1,809","1,838","1,843","1,844","1,852","1,873","1,881","1,925","1,928","1,934","1,937"
.New Market city,395,395,400,408,404,443,445,448,453,457,456,456
.New Providence city,210,213,215,216,218,221,223,224,226,228,227,227
.New Sharon city,"1,295","1,303","1,301","1,292","1,299","1,291","1,272","1,286","1,295","1,308","1,304","1,301"
.Newton city,"14,841","14,949","15,041","15,178","15,328","15,514","15,670","15,692","15,612","15,605","15,612","15,579"
.New Vienna city,394,393,395,395,391,395,392,394,391,394,394,400
.New Virginia city,486,486,487,482,478,478,476,471,469,473,469,469
.Nichols city,358,357,359,358,358,359,365,371,375,377,377,374
.Nodaway city,118,121,124,126,126,129,129,130,131,132,132,132
.Nora Springs city,"1,414","1,421","1,449","1,457","1,452","1,474","1,494","1,503","1,498","1,529","1,532","1,532"
.Northboro city,54,55,57,57,58,58,58,58,59,60,60,60
.North Buena Vista city,92,93,94,96,98,122,122,123,124,124,124,124
.North English city,980,978,986,993,991,989,999,996,992,993,991,991
.North Liberty city,"12,413","11,761","10,983","9,993","8,806","7,637","6,866","6,268","5,957","5,482","5,371","5,367"
.North Washington city,97,100,103,103,103,105,109,112,117,118,118,118
.Northwood city,"1,984","1,992","1,994","1,992","2,010","2,008","1,996","2,009","2,018","2,047","2,050","2,050"
.Norwalk city,"9,016","8,754","8,490","8,228","7,898","7,705","7,803","7,634","7,510","7,055","7,055","6,884"
.Norway city,603,601,600,604,609,610,609,613,608,602,601,601
.Numa city,105,106,107,109,111,111,111,109,110,111,111,109
.Oakland city,"1,381","1,385","1,400","1,410","1,422","1,444","1,446","1,457","1,465","1,485","1,487","1,487"
.Oakland Acres city,160,160,161,161,163,163,163,163,164,165,165,166
.Oakville city,391,410,415,420,420,429,433,438,437,438,439,439
.Ocheyedan city,480,487,486,496,501,515,515,520,529,534,536,536
.Odebolt city,978,992,"1,008","1,025","1,027","1,059","1,077","1,100","1,147","1,160","1,153","1,153"
.Oelwein city,"5,993","6,026","6,095","6,226","6,295","6,323","6,453","6,461","6,554","6,680","6,692","6,692"
.Ogden city,"1,936","1,956","1,980","1,980","1,995","1,993","2,010","2,019","2,065","2,030","2,023","2,023"
.Okoboji city,941,948,949,960,978,872,839,842,852,852,849,820
.Olds city,233,236,238,240,242,238,242,244,247,248,249,249
.Olin city,701,704,706,699,702,707,700,703,707,716,716,716
.Ollie city,157,162,162,162,166,167,173,223,224,224,224,224
.Onawa city,"2,705","2,748","2,793","2,826","2,878","2,948","3,000","3,008","3,043","3,098","3,105","3,091"
.Onslow city,214,215,214,214,215,218,219,218,219,223,223,223
.Orange City city,"5,814","5,807","5,857","5,851","5,777","5,749","5,653","5,643","5,705","5,632","5,630","5,582"
.Orchard city,88,88,88,89,88,89,88,88,88,88,88,88
.Orient city,370,372,379,385,388,390,390,389,393,400,402,402
.Orleans city,591,592,588,599,610,614,614,616,626,626,623,583
.Osage city,"3,431","3,440","3,441","3,441","3,416","3,444","3,421","3,425","3,432","3,457","3,463","3,451"
.Osceola city,"4,768","4,745","4,706","4,741","4,741","4,798","4,786","4,763","4,760","4,769","4,744","4,659"
.Oskaloosa city,"10,895","10,942","10,904","10,877","10,964","10,878","10,880","11,091","11,123","10,987","11,073","10,938"
.Ossian city,799,803,806,811,821,828,839,853,849,852,853,853
.Osterdock city,48,49,49,50,50,49,49,50,49,50,50,50
.Otho city,534,530,532,536,537,540,560,563,567,573,571,571
.Oto city,145,144,143,144,144,146,145,145,145,145,145,145
.Ottosen city,45,45,46,47,47,48,46,59,60,61,61,61
.Ottumwa city,"24,329","24,300","24,343","24,577","24,656","24,554","24,532","24,680","24,853","24,952","24,996","24,998"
.Owasa city,35,36,36,36,37,37,37,38,38,38,38,38
.Oxford city,697,684,675,675,684,694,696,699,704,705,711,705
.Oxford Junction city,547,551,548,548,552,562,571,559,565,575,573,573
.Oyens city,115,118,119,120,122,124,130,130,130,132,132,132
.Pacific Junction city,507,514,517,517,508,501,505,502,503,507,507,507
.Packwood city,212,211,214,213,215,216,216,217,221,223,223,223
.Palmer city,170,173,183,184,187,193,201,205,209,213,214,214
.Palo city,983,979,952,895,830,782,652,649,630,619,616,614
.Panama city,186,187,191,192,194,213,214,212,212,212,212,212
.Panora city,"1,146","1,159","1,166","1,164","1,170","1,151","1,155","1,132","1,135","1,172","1,175","1,175"
.Panorama Park city,129,127,127,128,128,128,130,131,129,131,131,111
.Parkersburg city,"2,163","1,850","1,839","1,835","1,838","1,841","1,838","1,825","1,847","1,885","1,889","1,889"
.Parnell city,214,214,213,216,216,216,219,220,222,221,220,220
.Paton city,239,242,246,249,255,257,259,260,261,265,265,265
.Patterson city,136,132,131,133,133,130,130,130,130,127,126,126
.Paullina city,981,976,997,"1,012","1,020","1,038","1,061","1,069","1,098","1,121","1,126","1,124"
.Pella city,"10,207","10,263","10,216","10,354","10,027","10,056","10,132","10,232","10,115","9,947","9,933","9,832"
.Peosta city,"1,237","1,187","1,129","1,045",972,880,804,776,722,662,654,651
.Perry city,"9,295","9,234","8,904","8,747","9,043","8,723","8,281","8,077","7,905","7,678","7,635","7,633"
.Persia city,332,331,335,339,342,345,349,354,360,363,363,363
.Peterson city,336,338,347,351,353,358,360,363,369,371,372,372
.Pierson city,350,348,353,354,356,359,362,365,370,371,371,371
.Pilot Mound city,197,199,202,204,206,207,207,208,213,214,214,214
.Pioneer city,19,19,19,20,20,20,20,20,21,21,21,21
.Pisgah city,300,299,304,307,309,310,310,311,314,316,316,316
.Plainfield city,417,421,426,424,427,413,423,424,436,436,438,438
.Plano city,55,55,56,57,58,58,58,57,58,58,58,58
.Pleasant Hill city,"8,424","8,190","7,784","7,289","6,334","6,059","5,870","5,677","5,440","5,250","5,194","5,070"
.Pleasanton city,27,27,28,28,28,28,37,37,37,37,37,37
.Pleasant Plain city,125,124,126,125,126,127,127,128,130,131,131,131
.Pleasantville city,"1,581","1,591","1,583","1,582","1,577","1,581","1,567","1,522","1,548","1,545","1,568","1,539"
.Plover city,63,83,85,86,88,88,92,94,93,94,95,95
.Plymouth city,409,411,415,418,425,421,415,417,424,429,429,429
.Pocahontas city,"1,750","1,775","1,809","1,801","1,842","1,883","1,871","1,909","1,928","1,956","1,970","1,970"
.Polk City city,"3,257","3,198","3,106","2,988","2,859","2,810","2,615","2,399","2,356","2,349","2,349","2,344"
.Pomeroy city,598,610,619,635,642,652,657,673,693,708,710,710
.Popejoy city,78,78,79,79,79,81,81,81,80,80,78,78
.Portsmouth city,196,200,204,205,208,208,211,213,225,225,225,225
.Postville city,"2,255","2,267","2,291","2,256","2,274","2,291","2,210","2,266","2,234","2,273","2,273","2,273"
.Prairieburg city,167,167,167,167,168,168,171,172,172,173,172,175
.Prairie City city,"1,426","1,428","1,420","1,401","1,383","1,363","1,347","1,358","1,360","1,368","1,365","1,365"
.Prescott city,237,243,248,252,253,258,260,262,261,266,266,266
.Preston city,905,912,921,928,934,939,929,936,938,949,949,949
.Primghar city,810,806,811,823,826,836,851,855,871,888,891,891
.Princeton city,971,961,949,941,935,932,936,939,938,943,946,946
.Promise City city,100,100,100,102,102,103,104,104,104,105,105,105
.Protivin city,301,302,305,306,311,312,312,314,316,317,317,317
.Pulaski city,271,268,265,258,252,249,244,243,241,251,252,249
.Quasqueton city,485,490,485,485,478,565,571,568,573,574,574,574
.Quimby city,323,327,333,336,344,351,355,361,368,368,368,368
.Radcliffe city,555,562,566,569,567,575,580,588,599,607,607,607
.Rake city,200,202,203,207,211,212,216,218,222,228,228,227
.Ralston city,78,78,80,80,82,82,83,96,96,98,98,98
.Randalia city,68,69,74,75,78,78,80,81,82,84,84,84
.Randall city,136,137,140,141,142,142,144,145,144,143,143,148
.Randolph city,166,169,173,173,175,194,197,200,203,208,209,209
.Rathbun city,83,84,85,86,88,87,88,86,87,88,88,88
.Raymond city,735,723,705,680,634,617,596,579,581,539,537,537
.Readlyn city,748,752,759,759,758,763,769,767,781,783,786,786
.Reasnor city,187,189,190,191,195,196,197,196,195,195,194,194
.Redding city,65,66,66,67,68,70,76,76,77,78,78,78
.Redfield city,"1,007","1,003",965,946,983,945,889,877,862,836,833,833
.Red Oak city,"5,626","5,634","5,720","5,823","5,847","5,846","5,875","5,941","6,061","6,216","6,209","6,197"
.Reinbeck city,"1,641","1,636","1,649","1,666","1,674","1,688","1,679","1,713","1,720","1,747","1,751","1,751"
.Rembrandt city,221,220,220,219,218,217,221,223,224,227,228,228
.Remsen city,"1,633","1,640","1,658","1,683","1,696","1,723","1,697","1,708","1,738","1,760","1,762","1,762"
.Renwick city,254,257,264,269,270,281,286,290,299,305,306,306
.Rhodes city,293,293,294,294,291,292,292,292,294,294,294,294
.Riceville city,799,802,813,813,822,828,834,836,841,839,840,840
.Richland city,555,559,563,564,571,582,576,581,583,586,584,587
.Rickardsville city,179,179,180,178,172,182,187,186,188,190,193,191
.Ricketts city,133,134,135,136,138,138,139,139,144,144,144,144
.Ridgeway city,280,281,283,285,285,289,281,287,291,292,293,293
.Rinard city,60,62,62,64,65,66,67,68,70,72,72,72
.Ringsted city,405,412,414,417,422,427,436,442,448,456,437,436
.Rippey city,275,279,284,287,295,298,303,308,311,318,319,319
.Riverdale city,596,592,590,588,606,649,655,653,658,654,651,656
.Riverside city,"1,008",972,958,941,943,964,958,951,944,931,947,928
.Riverton city,274,275,283,280,283,270,287,289,295,302,304,304
.Robins city,"2,960","2,869","2,716","2,529","2,386","2,232","2,129","2,029","1,932","1,846","1,853","1,806"
.Rock Falls city,153,154,156,157,159,161,164,165,167,170,170,170
.Rockford city,872,879,890,895,891,900,894,892,891,904,907,907
.Rock Rapids city,"2,435","2,450","2,479","2,493","2,529","2,581","2,591","2,517","2,536","2,568","2,573","2,573"
.Rock Valley city,"3,159","3,135","3,125","3,106","3,042","3,023","2,969","2,889","2,881","2,875","2,905","2,702"
.Rockwell city,981,985,986,976,970,966,973,980,980,990,989,989
.Rockwell City city,"1,950","1,975","2,000","2,027","2,060","2,089","2,096","2,138","2,180","2,217","2,224","2,264"
.Rodman city,51,51,52,52,53,54,53,55,55,56,56,56
.Rodney city,60,61,67,68,69,71,72,72,72,74,74,74
.Roland city,"1,340","1,327","1,312","1,314","1,315","1,325","1,334","1,336","1,322","1,325","1,324","1,324"
.Rolfe city,567,575,586,588,601,617,637,648,661,670,675,675
.Rome city,112,114,115,116,117,116,117,116,118,116,116,113
.Rose Hill city,202,204,204,204,206,204,203,205,205,207,205,205
.Rossie city,55,56,56,56,56,56,57,58,57,58,58,58
.Rowan city,192,194,197,199,203,208,212,213,216,218,218,218
.Rowley city,279,281,281,280,281,282,285,285,287,290,290,290
.Royal city,416,419,420,425,429,434,439,444,452,477,482,479
.Rudd city,392,397,402,404,407,410,419,421,424,430,431,431
.Runnells city,389,383,382,369,362,353,363,357,352,344,342,352
.Russell city,560,570,578,580,583,583,572,566,565,559,559,559
.Ruthven city,682,686,694,696,708,711,707,727,752,765,767,711
.Rutland city,122,124,125,128,128,131,135,138,141,144,145,145
.Ryan city,362,366,370,372,374,378,378,385,388,388,405,410
.Sabula city,641,645,650,653,660,668,673,672,678,673,670,670
.Sac City city,"2,081","2,111","2,118","2,144","2,152","2,198","2,266","2,257","2,342","2,380","2,368","2,368"
.Sageville city,212,213,215,215,217,219,219,222,224,224,224,203
.St. Ansgar city,"1,025","1,012",959,956,962,935,"1,007","1,017",954,"1,028","1,032","1,031"
.St. Anthony city,186,186,186,186,187,188,188,109,109,109,109,109
.St. Charles city,685,682,672,665,655,657,663,668,657,644,621,619
.St. Donatus city,152,153,154,156,156,155,156,135,138,140,140,140
.St. Lucas city,161,162,163,167,169,169,171,172,176,178,178,178
.St. Marys city,127,127,127,128,129,130,131,131,132,135,134,134
.St. Olaf city,118,120,121,123,124,131,129,134,137,135,136,136
.St. Paul city,116,117,118,119,119,118,118,118,118,118,118,118
.Salem city,443,447,451,454,457,455,462,461,467,463,464,464
.Salix city,387,385,383,385,386,390,392,394,394,397,397,370
.Sanborn city,"1,308","1,298","1,264","1,284","1,292","1,310","1,316","1,341","1,342","1,352","1,357","1,353"
.Sandyville city,61,61,61,61,62,62,62,61,61,62,61,61
.Scarville city,86,87,88,89,91,91,92,92,95,97,97,97
.Schaller city,681,691,700,715,720,732,735,751,777,784,779,779
.Schleswig city,818,813,817,816,814,808,813,819,827,831,833,833
.Scranton city,511,517,526,533,547,565,575,583,589,602,604,604
.Searsboro city,149,151,153,153,154,156,159,158,159,159,159,155
.Sergeant Bluff city,"4,027","3,970","3,901","3,836","3,753","3,732","3,648","3,537","3,417","3,340","3,326","3,321"
.Seymour city,744,742,739,749,758,774,795,800,801,809,810,810
.Shambaugh city,167,171,174,177,178,178,179,181,186,187,188,188
.Shannon City city,77,77,76,76,74,75,75,77,76,77,77,70
.Sharpsburg city,91,91,92,94,94,95,96,97,98,98,98,98
.Sheffield city,"1,004","1,005",998,992,990,991,935,924,925,928,930,930
.Shelby city,636,646,656,659,666,673,680,683,692,695,696,696
.Sheldahl city,317,315,313,313,312,316,317,335,336,336,336,336
.Sheldon city,"4,838","4,832","4,885","4,896","4,907","4,944","5,040","5,023","4,986","5,018","5,023","4,914"
.Shell Rock city,"1,183","1,239","1,230","1,228","1,239","1,245","1,236","1,249","1,261","1,297","1,298","1,298"
.Shellsburg city,"1,023","1,014","1,013","1,009","1,006",983,958,955,948,940,938,938
.Shenandoah city,"4,832","4,942","5,029","5,104","5,118","5,155","5,230","5,317","5,462","5,525","5,546","5,546"
.Sherrill city,176,174,175,175,176,191,193,197,199,202,197,186
.Shueyville city,538,514,483,473,441,401,370,361,349,338,338,250
.Sibley city,"2,577","2,616","2,613","2,655","2,665","2,710","2,727","2,740","2,771","2,788","2,796","2,796"
.Sidney city,"1,109","1,125","1,146","1,158","1,162","1,170","1,192","1,247","1,277","1,294","1,300","1,300"
.Sigourney city,"2,062","2,075","2,089","2,083","2,108","2,150","2,153","2,187","2,199","2,212","2,209","2,209"
.Silver City city,263,266,268,267,260,272,275,259,260,259,259,259
.Sioux Center city,"6,704","6,606","6,491","6,600","6,486","6,416","6,429","6,371","6,227","6,076","6,057","6,002"
.Sioux City city,"82,903","82,299","81,920","82,087","82,039","83,116","83,232","83,865","84,348","84,965","85,060","85,013"
.Sioux Rapids city,694,692,695,694,685,689,699,706,712,717,720,720
.Slater city,"1,558","1,546","1,527","1,520","1,503","1,382","1,374","1,369","1,332","1,314","1,306","1,306"
.Sloan city,"1,023","1,014","1,011","1,014","1,009","1,019","1,024","1,025","1,030","1,034","1,033","1,032"
.Smithland city,213,212,212,213,215,218,218,219,220,221,221,221
.Soldier city,183,186,189,191,195,198,201,200,202,207,207,207
.Solon city,"1,734","1,638","1,596","1,519","1,413","1,368","1,276","1,242","1,204","1,199","1,206","1,177"
.Somers city,132,135,137,139,151,151,154,157,161,164,165,165
.South English city,182,205,206,206,209,210,215,214,213,213,213,213
.Spencer city,"10,975","10,959","10,948","11,007","11,030","11,092","11,095","11,182","11,289","11,337","11,330","11,317"
.Spillville city,368,367,367,370,372,377,384,390,383,385,386,386
.Spirit Lake city,"4,594","4,609","4,601","4,579","4,527","4,404","4,372","4,281","4,299","4,273","4,273","4,261"
.Spragueville city,83,84,85,86,87,88,89,89,91,90,89,89
.Springbrook city,183,182,181,182,181,183,178,180,179,181,181,182
.Spring Hill city,91,91,91,92,92,93,93,92,92,93,92,92
.Springville city,"1,018","1,012","1,006","1,001","1,007","1,019","1,043","1,082","1,087","1,094","1,096","1,091"
.Stacyville city,468,469,476,474,480,488,482,472,443,470,471,469
.Stanhope city,436,440,448,455,460,467,468,473,474,486,488,488
.Stanley city,123,124,124,124,124,124,125,125,127,128,128,128
.Stanton city,680,681,688,703,698,696,696,700,706,716,714,714
.Stanwood city,628,634,630,637,640,651,666,671,676,682,680,680
.State Center city,"1,336","1,334","1,334","1,330","1,323","1,322","1,309","1,324","1,343","1,348","1,349","1,349"
.Steamboat Rock city,310,315,318,319,323,327,329,331,335,337,336,336
.Stockport city,281,282,282,281,280,281,282,282,282,284,284,284
.Stockton city,182,181,182,183,180,178,181,184,185,186,186,182
.Storm Lake city,"9,540","9,480","9,488","9,614","9,722","9,820","9,861","9,935","9,986","10,047","10,075","10,076"
.Story City city,"3,390","3,369","3,312","3,302","3,300","3,322","3,343","3,375","3,253","3,243","3,236","3,228"
.Stout city,213,213,214,218,213,214,212,215,215,217,217,217
.Stratford city,689,686,698,708,722,728,738,741,739,746,746,746
.Strawberry Point city,"1,224","1,234","1,253","1,256","1,270","1,291","1,302","1,338","1,370","1,379","1,386","1,386"
.Struble city,80,80,81,82,83,84,84,84,85,85,85,85
.Stuart city,"1,643","1,660","1,678","1,687","1,694","1,726","1,692","1,704","1,727","1,717","1,715","1,712"
.Sully city,846,852,854,863,876,880,892,899,902,906,908,904
.Sumner city,"1,969","1,981","1,997","2,014","2,011","2,044","2,051","2,057","2,087","2,098","2,106","2,106"
.Superior city,123,125,125,126,129,133,134,137,140,142,142,142
.Sutherland city,629,629,640,653,657,659,669,683,692,704,707,707
.Swaledale city,166,167,168,169,171,172,173,173,173,175,172,174
.Swan city,84,85,85,86,87,86,86,119,121,121,121,121
.Swea City city,556,561,569,577,589,598,606,615,626,640,642,642
.Swisher city,855,842,831,828,833,841,847,828,807,806,825,813
.Tabor city,913,924,951,947,946,957,974,981,980,990,993,993
.Tama city,"2,490","2,515","2,562","2,587","2,612","2,642","2,653","2,666","2,681","2,723","2,731","2,731"
.Templeton city,328,330,329,331,334,328,329,325,327,333,334,334
.Tennant city,71,73,72,72,70,71,72,72,73,73,73,73
.Terril city,355,358,358,366,375,384,384,392,401,405,404,404
.Thayer city,54,54,53,53,54,57,64,66,65,66,66,66
.Thompson city,528,534,536,546,557,560,572,574,583,597,596,596
.Thor city,157,159,161,164,164,167,167,169,171,174,174,174
.Thornburg city,64,65,65,65,67,67,71,70,70,84,84,84
.Thornton city,354,357,360,368,377,388,398,403,412,421,422,422
.Thurman city,208,211,217,217,218,221,224,225,229,234,236,236
.Tiffin city,"1,882","1,789","1,707","1,654","1,579","1,511","1,473","1,430","1,254","1,094","1,062",975
.Tingley city,150,152,160,161,165,168,146,164,168,171,171,171
.Tipton city,"3,014","3,039","3,013","3,043","3,073","3,057","3,108","3,123","3,132","3,166","3,154","3,155"
.Titonka city,504,507,516,531,534,546,551,561,567,583,584,584
.Toledo city,"2,605","2,621","2,644","2,678","2,677","2,495","2,475","2,497","2,521","2,534","2,539","2,539"
.Toronto city,129,130,130,132,133,133,133,133,133,134,134,134
.Traer city,"1,541","1,555","1,569","1,576","1,574","1,605","1,596","1,599","1,607","1,594","1,594","1,594"
.Treynor city,880,882,887,894,894,894,936,927,928,946,941,950
.Tripoli city,"1,236","1,243","1,255","1,257","1,256","1,263","1,278","1,279","1,300","1,305","1,310","1,310"
.Truesdale city,87,87,86,87,87,87,88,89,89,91,91,91
.Truro city,475,479,474,479,470,465,455,459,446,431,427,427
.Turin city,66,68,68,69,71,72,73,72,73,75,75,75
.Udell city,46,46,47,48,49,49,58,57,58,58,58,58
.Underwood city,840,841,837,825,799,751,730,719,692,693,692,688
.Union city,381,387,390,391,397,404,411,417,425,427,427,427
.Unionville city,121,121,123,126,127,127,127,126,126,127,127,127
.University Heights city,"1,050","1,033","1,018",999,991,999,982,948,987,981,987,987
.University Park city,529,533,537,525,522,551,551,554,543,539,536,536
.Urbana city,"1,430","1,415","1,391","1,369","1,321","1,277","1,219","1,135","1,107","1,040","1,027","1,019"
.Urbandale city,"38,677","38,451","37,997","37,182","35,722","34,528","32,995","31,975","30,464","29,504","29,262","29,072"
.Ute city,322,326,331,335,342,350,359,361,367,377,378,378
.Vail city,434,435,439,440,446,445,448,449,451,452,452,452
.Valeria city,60,61,61,62,63,63,63,63,63,62,62,62
.Van Horne city,728,725,724,729,737,738,735,738,727,716,716,716
.Van Meter city,"1,194","1,161","1,109","1,058","1,109","1,058",923,908,890,868,942,866
.Van Wert city,211,210,212,215,212,228,229,229,231,230,231,231
.Varina city,76,77,78,79,81,83,86,87,88,89,90,90
.Ventura city,716,715,720,691,674,666,667,666,673,673,671,670
.Victor city,977,975,980,991,993,989,951,951,954,953,952,952
.Villisca city,"1,226","1,223","1,246","1,275","1,286","1,283","1,279","1,291","1,310","1,347","1,344","1,344"
.Vincent city,149,149,150,150,151,151,150,153,155,158,158,158
.Vining city,49,49,50,52,54,56,64,65,67,69,70,70
.Vinton city,"5,096","5,101","5,099","5,138","5,191","5,229","5,233","5,215","5,141","5,106","5,109","5,102"
.Volga city,217,220,223,227,233,231,241,245,249,247,247,247
.Wadena city,217,217,220,221,224,226,231,234,238,243,243,243
.Wahpeton city,428,431,432,435,443,451,448,456,464,464,462,462
.Walcott city,"1,641","1,618","1,621","1,529","1,527","1,521","1,507","1,517","1,520","1,527","1,528","1,528"
.Walford city,"1,474","1,464","1,458","1,435","1,395","1,349","1,317","1,302","1,275","1,227","1,215","1,224"
.Walker city,771,769,755,741,731,732,739,745,749,752,753,750
.Wallingford city,188,192,192,194,196,198,203,205,208,209,210,210
.Wall Lake city,727,734,745,759,760,765,771,802,848,850,848,841
.Walnut city,721,723,722,730,735,850,853,855,858,875,877,778
.Wapello city,"1,908","1,994","2,013","2,022","2,029","2,075","2,121","2,112","2,121","2,121","2,127","2,124"
.Washington city,"7,197","7,196","7,162","7,093","7,066","7,080","7,109","7,145","7,144","7,062","7,047","7,047"
.Washta city,225,226,233,237,242,260,267,268,277,281,282,282
.Waterloo city,"66,761","66,281","65,941","66,230","66,514","66,880","67,100","67,667","68,387","68,766","68,756","68,747"
.Waterville city,132,132,133,134,136,136,137,136,137,141,141,145
.Waucoma city,236,235,239,244,248,250,256,286,292,299,298,299
.Waukee city,"12,826","12,546","12,040","10,913","9,186","8,454","7,447","6,650","5,896","5,582","5,451","5,126"
.Waukon city,"3,871","3,884","3,889","3,928","3,938","3,941","4,006","3,978","4,006","4,128","4,135","4,131"
.Waverly city,"9,155","9,208","9,263","9,222","9,190","9,129","9,019","9,037","9,076","8,976","8,968","8,968"
.Wayland city,932,937,940,932,942,941,944,947,945,944,948,945
.Webb city,148,149,149,151,152,154,157,159,162,165,165,165
.Webster city,105,106,107,107,109,111,106,107,108,109,111,110
.Webster City city,"7,642","7,706","7,746","7,839","7,932","7,974","8,011","8,047","8,037","8,168","8,180","8,176"
.Weldon city,140,140,141,142,143,143,144,144,144,145,145,145
.Wellman city,"1,412","1,414","1,415","1,459","1,445","1,428","1,436","1,428","1,440","1,421","1,425","1,393"
.Wellsburg city,675,674,677,688,678,684,684,698,703,716,722,716
.Welton city,157,158,158,160,161,173,168,165,164,163,163,159
.Wesley city,405,408,415,421,430,436,441,447,454,466,467,467
.West Bend city,795,793,798,802,810,810,820,799,818,832,834,834
.West Branch city,"2,307","2,280","2,262","2,262","2,238","2,267","2,274","2,246","2,226","2,208","2,191","2,188"
.West Burlington city,"3,332","3,301","3,272","3,283","3,317","3,252","3,203","3,089","3,132","3,155","3,161","3,161"
.West Chester city,157,157,158,158,159,155,162,161,162,159,159,159
.West Des Moines city,"56,954","55,503","54,811","53,947","52,792","51,942","52,125","50,295","47,886","47,182","47,189","46,403"
.Westfield city,178,179,180,183,186,187,187,187,188,189,189,189
.Westgate city,214,215,218,222,225,225,228,229,231,234,234,234
.West Liberty city,"3,658","3,643","3,653","3,601","3,551","3,477","3,440","3,388","3,336","3,351","3,329","3,332"
.West Okoboji city,401,402,399,402,404,412,415,421,428,433,432,432
.Westphalia city,139,142,144,145,147,148,159,161,161,160,160,160
.West Point city,912,916,927,929,939,946,964,958,967,979,980,980
.Westside city,321,321,324,323,325,327,325,327,326,327,327,327
.West Union city,"2,397","2,403","2,437","2,412","2,441","2,444","2,473","2,498","2,525","2,549","2,549","2,549"
.Westwood city,237,239,123,124,124,124,125,126,126,126,127,127
.What Cheer city,622,627,632,633,643,650,665,673,677,679,678,678
.Wheatland city,742,745,748,755,759,756,758,767,768,771,772,772
.Whiting city,702,711,710,742,750,772,780,782,790,801,801,707
.Whittemore city,466,470,477,484,487,494,499,507,516,528,530,530
.Whitten city,132,134,135,136,138,141,142,156,159,160,160,160
.Willey city,100,97,96,96,98,98,99,100,101,102,103,103
.Williams city,376,379,390,396,401,405,420,422,419,426,427,427
.Williamsburg city,"2,820","2,790","2,772","2,772","2,746","2,710","2,712","2,692","2,695","2,648","2,634","2,622"
.Williamson city,157,160,162,163,164,164,162,162,163,163,163,163
.Wilton city,"2,839","2,814","2,822","2,808","2,797","2,798","2,802","2,833","2,844","2,834","2,824","2,829"
.Windsor Heights city,"4,627","4,574","4,526","4,546","4,595","4,597","4,655","4,716","4,788","4,773","4,886","4,805"
.Winfield city,"1,059","1,070","1,078","1,082","1,094","1,105","1,103","1,108","1,133","1,131","1,135","1,131"
.Winterset city,"4,830","4,848","4,818","4,835","4,794","4,794","4,690","4,720","4,733","4,760","4,770","4,768"
.Winthrop city,763,769,764,762,758,754,762,762,763,769,774,772
.Wiota city,141,142,143,143,144,145,148,146,148,149,149,149
.Woden city,214,216,219,223,227,231,231,231,237,242,243,243
.Woodbine city,"1,539","1,531","1,547","1,563","1,568","1,586","1,592","1,527","1,543","1,567","1,571","1,564"
.Woodburn city,238,239,238,240,240,246,248,246,247,246,244,244
.Woodward city,"1,387","1,380","1,328","1,272","1,332","1,282","1,227","1,215","1,239","1,206","1,202","1,200"
.Woolstock city,186,189,191,193,197,198,199,200,202,204,204,204
.Worthington city,370,368,367,366,369,375,371,370,376,381,381,381
.Wyoming city,589,590,612,610,614,593,573,621,621,626,626,626
.Yale city,256,260,263,268,271,276,277,277,279,286,287,287
.Yetter city,28,28,29,29,30,32,33,34,35,36,36,36
.Yorktown city,74,76,77,78,79,79,79,80,81,82,82,82
.Zearing city,566,562,563,559,560,569,544,600,613,618,617,617
.Zwingle city,107,108,109,109,110,98,99,97,99,100,100,100
"Note: The April 1, 2000 estimates base reflects changes to the Census 2000 population resulting from legal boundary updates, other geographic program changes, and Count Question Resolution actions.  All geographic boundaries for the 2009 population estimates series are defined as of January 1, 2009. An ""(X)"" in the Census 2000 field indicates a locality that was formed or incorporated after Census 2000. Additional information on these localities can be found in the Geographic Change Notes (see ""Geographic Changes"" under the Geographic Topics section of the Estimates page).",,,,,,,,,,,,
Suggested Citation:,,,,,,,,,,,,
"Table 4. Annual Estimates of the Resident Population for Incorporated Places in Iowa: April 1, 2000 to July 1, 2009 (SUB-EST2009-04-19)",,,,,,,,,,,,
"Source: U.S. Census Bureau, Population Division",,,,,,,,,,,,
Release Date: September 2010,,,,,,,,,,,,
