Date,AL,AZ,AR,CA,CO,CT,DE,FL,GA,ID,IL,IN,IA,KS,KY,LA,ME,MD,MA,MI,MN,MS,MO,MT,NE,NV,NH,NJ,NM,NY,NC,ND,OH,OK,OR,PA,RI,SC,SD,TN,TX,UT,VT,VA,WA,WV,WI,WY
9/28/2003,477,606,,929,233,223,,587,514,,677,544,303,272,420,1017,,1268,344,685,484,,349,,,,,695,,649,565,,616,1040,409,1186,,462,,551,1398,,,1112,588,,466,
10/5/2003,501,663,,849,251,243,,582,532,,732,607,303,270,442,1096,,1374,362,748,514,,359,,,,,716,,725,660,,699,1065,409,1176,,478,,597,1517,,,1198,624,,504,
10/12/2003,492,700,,1032,283,261,,606,557,,799,637,312,280,460,1144,,1445,372,791,588,,381,,,,,815,,739,861,,729,1122,428,1340,,521,,670,2010,,,1343,777,,538,
10/19/2003,533,819,,1084,310,268,,698,608,,841,680,342,292,485,1308,,1432,367,829,692,,431,,,,,831,,874,852,,759,1199,467,1424,,529,,666,2786,,,1448,866,,595,
10/26/2003,594,959,,989,344,334,,708,745,,978,765,368,313,496,1936,,1426,370,803,701,,452,,,,,901,,865,857,,847,1278,510,1514,,556,,717,2917,,,1556,1026,,653,
11/2/2003,715,1167,,1284,569,394,,746,767,,1102,773,399,323,505,2791,,1495,404,898,708,,450,,,,,897,,1005,922,,830,1437,576,1448,,621,,733,3177,,,1640,1053,,688,
11/9/2003,840,1655,,1741,2053,459,,917,803,,1091,831,444,360,563,3975,,1653,474,939,776,,514,,400,,,994,,1059,1135,,880,2082,780,1720,,758,,931,3344,291,,1931,1605,,813,
11/16/2003,1064,2662,,2110,3669,538,,1095,1236,,1374,1143,519,449,673,4796,,2156,782,1061,829,,684,,611,,,1281,,1559,1536,,1040,3888,978,2423,,844,,1152,4287,438,,2575,2881,,1169,
11/23/2003,1458,4935,,3138,5731,635,,1404,1526,,2367,1560,727,647,928,4722,,3197,1117,1340,954,,1211,,1096,1058,,1731,,2246,2363,,1837,8199,1480,2737,,1074,,1650,4828,1055,,3290,4817,,1504,
11/30/2003,3202,8265,,5406,5741,1070,,1972,2922,,3248,2868,1304,1892,1364,4756,,4095,1673,2146,1768,,2593,,4633,1916,426,2803,,2723,4095,,2960,14183,2682,3569,,1652,,3295,3747,3471,,4593,7193,,2968,
12/7/2003,9036,12225,,9731,5550,4536,,3255,5691,,6132,6611,3627,4123,3957,6108,,6306,3208,4614,4101,,5103,,7106,5006,862,4879,,5097,8857,,5879,17538,4604,5505,,6452,,8602,4549,5897,,7211,9681,,7434,
12/14/2003,13854,10962,,12660,4183,6360,,4300,7393,,8665,7043,7094,4336,7769,9333,,7553,4410,5987,5654,,5694,,5914,9848,3409,6925,,7194,11819,,8901,14217,6632,7030,,11883,,8232,4551,5739,,10181,10349,,10563,
12/21/2003,10963,10353,,11833,3509,9496,,6001,9060,,9191,7753,7095,4045,7862,9231,,9085,6144,9607,7940,,5436,,5180,11444,8687,9954,,9869,11656,,10247,11180,7200,9074,,14142,,8099,4809,4439,,9795,7317,,11868,
12/28/2003,7622,6993,,6773,2328,5659,,5178,5403,,5042,6751,5157,3202,6223,7460,,6903,4940,6307,7360,,3317,,4024,9907,8437,7165,,6206,6121,,5409,8822,5796,6278,,9389,,5527,4341,3480,,5631,4225,,6887,
1/4/2004,4680,4699,,3923,1505,3084,,2610,2814,,2936,4191,3329,2188,4397,5975,,4254,2751,3279,3861,,2000,,2947,8168,5982,3410,,3501,3041,,2519,6967,4308,4082,,5276,,3450,3426,2402,,3486,2755,,3987,
1/11/2004,3221,3338,,2337,1026,1938,,1913,1707,,1612,2660,2172,1694,2937,4986,,3258,1382,2026,2458,,1280,,2388,6236,4132,2192,,2108,1928,,1820,5351,2772,2772,,3768,,2426,2312,1848,,2701,1775,,2831,
1/18/2004,2394,2324,,1735,835,1345,,1367,1330,,1369,1950,1667,1332,2296,3942,,2716,904,1539,1764,,944,,1960,5219,2955,1816,,1380,1566,,1364,4435,1957,2414,,2694,,1922,2118,1429,,2243,1305,,1859,
1/25/2004,1946,1879,,1623,617,1008,,1177,1074,,1096,1504,1388,1077,1901,3347,,2273,804,1274,1371,,785,,1545,4397,2350,1536,,1194,1282,,1148,3657,1546,1881,,2093,,1552,2003,1162,,1870,1107,,1489,
2/1/2004,1512,1494,,1282,538,814,,1008,1016,,919,1312,1124,906,1501,2773,,2049,697,1031,1140,,634,,1305,3717,1778,1184,,1081,1061,,946,3172,1246,1680,,1672,,1325,1881,975,,1592,953,,1239,
2/8/2004,1312,1361,,1364,499,653,,889,988,,975,1146,914,794,1291,2412,,1747,594,1014,1012,,550,,1111,3220,1479,1005,,934,900,,825,2774,1072,1469,,1406,,1133,1734,836,,1611,1010,,1059,
2/15/2004,1187,1435,,1334,459,563,,778,898,,875,1013,805,676,1106,2205,,1626,543,1006,948,,515,,999,2809,1205,1037,,962,847,,861,2613,996,1467,,1220,,1000,1764,727,,1734,911,,1009,
2/22/2004,1050,1414,,1193,426,534,,685,855,,874,972,701,615,976,2039,,1593,536,920,935,,475,,904,2310,1015,975,,966,864,,975,2403,951,1653,,1087,,908,1634,640,,1697,896,,913,
2/29/2004,928,1291,,1062,404,493,,673,744,,844,956,644,550,871,1910,,1555,428,874,877,,488,,808,2087,902,797,,859,836,,951,2216,872,1490,,943,,790,1649,577,,1542,820,,859,
3/7/2004,881,1221,,977,384,459,,589,643,,824,907,588,518,797,1786,,1559,268,825,775,,477,,734,1881,840,758,,782,797,,972,2066,809,1312,,866,,734,1316,519,,1363,803,,787,
3/14/2004,800,1134,,914,368,432,,589,561,,764,837,543,493,740,1672,,1456,145,765,708,,483,,667,1674,725,747,,815,728,,971,1984,817,1263,,804,,744,1191,470,,1277,891,,753,
3/21/2004,764,1022,,912,337,407,,623,570,,679,810,506,466,701,1564,,1377,135,736,692,,475,,617,1547,637,779,,875,682,,885,1844,783,1270,,750,,677,1145,438,,1296,881,,730,
3/28/2004,704,906,,803,313,407,,623,525,,635,814,469,434,651,1508,,1309,154,740,657,,453,,572,1427,600,737,,793,654,,777,1748,781,1241,,697,,641,1094,405,,1276,872,,672,
4/4/2004,664,856,,815,305,395,,592,528,,653,784,452,411,641,1442,,1284,154,780,605,,435,,532,1353,560,785,,910,633,,720,1666,771,1240,,659,,604,1118,384,,1193,827,,662,
4/11/2004,633,832,,646,290,360,,560,516,,598,739,441,390,602,1404,,1253,151,759,597,,407,,499,1273,505,783,,910,597,,652,1570,788,1193,,625,,586,1107,363,,1173,792,,618,
4/18/2004,585,766,,876,272,346,,565,475,,548,702,418,382,577,1343,,1159,156,688,618,,399,,467,1204,469,679,,620,565,,610,1500,723,1137,,603,,541,1145,350,,1100,683,,573,
4/25/2004,562,704,,807,266,327,,523,451,,550,668,397,366,538,1290,,1142,201,644,545,,368,,445,1165,450,594,,603,541,,590,1447,704,1095,,565,,524,1087,334,,1043,609,,547,
5/2/2004,543,708,,740,240,319,,466,414,,558,627,401,350,509,1251,,1104,235,599,513,,335,,419,1092,422,534,,597,495,,569,1438,642,1136,,542,,500,1071,315,,1001,604,,533,
5/9/2004,510,681,,665,233,292,,429,402,,573,638,402,357,492,1187,,1036,241,560,491,,333,,405,1030,400,475,,506,490,,607,1370,638,1060,,512,,497,1056,309,,940,547,,500,
5/16/2004,492,692,,611,236,276,,423,413,,599,598,395,342,489,1145,,997,230,527,457,,324,,384,990,372,480,,501,474,,588,1317,614,1017,,509,,473,1075,298,,893,553,,496,
5/23/2004,481,652,,658,220,255,,443,422,,569,590,388,336,479,1111,,990,252,475,467,,314,,376,940,347,461,,441,449,,555,1266,585,947,,480,,464,984,288,,885,551,,476,
5/30/2004,468,663,,669,226,241,,460,431,,542,553,374,324,476,1069,,981,260,465,457,,303,,367,899,336,458,,500,439,,521,1212,546,906,,464,,459,925,284,,868,523,,458,
6/6/2004,447,664,,610,225,242,,460,429,,503,536,365,310,460,1037,,963,274,449,432,,295,,351,873,322,518,,504,438,,497,1185,516,938,,461,,456,963,284,,878,520,,463,
6/13/2004,454,675,,626,220,240,,451,389,,453,526,352,301,448,1006,,929,248,438,419,,282,,342,825,322,546,,453,430,,462,1145,489,901,,464,,453,916,278,,916,469,,478,
6/20/2004,442,659,,634,225,235,,438,369,,450,517,345,293,437,984,,907,228,432,450,,282,,326,810,309,597,,421,431,,465,1093,491,925,,449,,426,873,271,,906,470,,464,
6/27/2004,434,673,,580,228,217,,434,379,,433,507,332,297,437,943,,898,205,491,444,,273,,322,795,297,554,,440,437,,453,1052,482,947,,435,,421,836,268,,900,471,,462,
7/4/2004,418,696,,654,232,214,,437,378,,457,485,327,293,425,915,,895,191,485,422,,276,,322,775,289,527,,468,438,,430,1036,482,910,,423,,421,837,264,,910,448,,461,
7/11/2004,404,710,,632,230,207,,431,372,,433,476,322,280,410,899,,898,193,503,420,,268,,313,766,289,486,,386,423,,415,996,474,891,,408,,417,903,259,,900,443,,452,
7/18/2004,401,679,,538,238,209,,424,410,,432,488,305,272,414,889,,870,183,477,430,,261,,312,745,287,463,,369,406,,414,976,443,855,,401,,402,924,262,,857,445,,423,
7/25/2004,383,656,,558,229,209,,402,420,,415,491,302,277,407,882,,850,188,452,433,,256,,308,749,282,458,,432,389,,409,965,441,857,,418,,380,847,260,,859,427,,415,
8/1/2004,389,636,,645,228,206,,414,392,,418,473,295,281,406,874,,856,186,449,438,,252,,301,733,275,462,,402,382,,392,951,422,856,,409,,377,863,255,,834,434,,414,
8/8/2004,378,594,,643,222,208,,450,384,,464,450,292,272,399,876,,825,177,446,441,,252,,297,710,269,509,,415,368,,393,946,415,867,,399,,371,874,245,,806,435,,401,
8/15/2004,373,581,,629,220,209,,488,378,,497,452,285,261,389,878,,819,182,427,420,,252,,298,695,266,493,,418,369,,417,943,427,926,,402,,365,872,238,,814,429,,401,
8/22/2004,397,592,,667,221,211,,508,386,,509,439,285,261,396,883,,836,184,453,422,,254,,291,680,263,513,,451,407,,444,937,434,910,,407,,374,926,232,,835,482,,396,
8/29/2004,405,617,,767,216,203,,485,412,,515,441,283,259,391,912,,817,207,475,459,,263,,291,670,254,567,,509,457,,459,935,435,901,,405,,381,1017,228,,887,459,,394,
9/5/2004,424,688,,851,224,203,,421,455,,592,477,281,262,417,934,,904,233,505,462,,276,,287,659,255,574,,634,472,,512,917,417,933,,409,,403,1274,229,,1125,531,,405,
9/12/2004,419,743,,863,225,205,,410,438,,698,497,284,264,422,930,,971,281,602,469,,310,,282,640,255,592,,658,559,,581,925,419,999,,427,,403,1306,225,,1253,559,,434,
9/19/2004,433,826,,937,239,224,,461,484,,759,517,285,285,434,977,,1092,298,677,489,,347,,291,627,251,637,,697,552,,668,955,452,1139,,447,,483,1334,225,,1343,578,,466,
9/26/2004,457,824,,995,269,235,,523,481,,793,545,301,306,456,1025,,1193,326,781,528,,377,,301,633,257,739,,736,605,,722,962,512,1193,,445,,516,1240,227,,1362,651,,524,
10/3/2004,482,831,,1212,335,257,,598,613,,947,707,329,322,487,1112,,1311,532,924,617,,465,,329,628,267,979,,965,720,,779,1007,645,1469,,503,,619,1971,233,,1595,764,,629,
10/10/2004,609,1023,,1659,457,334,,845,944,,1271,868,437,380,551,1175,,1706,688,1210,816,,557,,347,669,294,1499,,1389,1155,,962,1212,762,1932,,567,,722,2620,259,,2036,1029,,830,
10/17/2004,795,1556,,1841,733,512,,1111,1254,,1549,1177,583,488,745,1364,,2373,844,1656,1247,,780,,387,756,328,1628,1269,1643,1639,,1309,1473,1167,2265,,728,,904,2803,288,,2447,1452,,1196,
10/24/2004,1001,2054,,2006,871,970,,1136,1335,,1550,1507,688,616,950,1574,,2436,835,1652,1408,,915,,495,827,355,1594,1327,1828,1792,,1285,2116,1333,2240,314,932,,1199,2701,344,,2609,1582,,1482,
10/31/2004,1112,1996,,2048,892,1075,,1237,1317,,1458,1590,749,711,1064,1923,297,2439,658,1487,1453,,895,,606,897,410,1782,1410,1511,1652,,1212,2536,1502,2244,380,1293,,1322,2846,475,,2393,1525,,1596,
11/7/2004,1301,1896,1409,2004,923,1039,,1193,1452,,1520,1550,878,839,1252,2473,316,2570,773,1551,1601,,832,,834,989,486,1658,1509,1532,1575,,1474,3129,1448,2249,456,1396,,1547,2728,607,,2469,1845,,1643,
11/14/2004,1412,1975,1759,1900,792,1042,,1132,1310,816,1416,1511,874,822,1370,2796,360,2398,764,1372,1514,,874,,945,1246,601,1484,1763,1618,1833,,1374,3165,1533,2241,568,1481,,1638,2597,679,,2331,1807,,1441,
11/21/2004,1375,1916,2057,1769,734,1000,,1048,1123,808,1335,1456,861,849,1288,2728,403,2112,668,1317,1345,,771,,942,1246,624,1504,1812,1541,1586,,1370,3158,1520,1936,630,1420,,1628,2440,667,,2237,1499,1600,1341,
11/28/2004,1441,2262,2415,1885,715,953,,1242,1509,965,1548,1503,789,884,1270,2634,502,2166,870,1357,1316,708,795,,978,1507,763,1634,2068,1588,1387,,1535,3255,1502,2514,726,1430,,1490,2673,659,,2410,1494,1929,1379,
12/5/2004,1492,2182,2568,1938,725,843,,1280,1341,1097,1424,1438,789,893,1230,2643,567,2325,1115,1411,1554,840,817,,942,1649,805,1438,2211,1703,1428,,1544,3074,1513,2366,892,1394,,1455,2588,612,,2482,1670,2018,1436,
12/12/2004,1432,2217,2725,1930,711,918,,1156,1275,1189,1561,1438,771,914,1175,2467,675,2277,1278,1639,1491,955,822,,928,1711,941,1931,2295,2028,1423,,1462,3010,1625,2290,921,1412,,1488,2578,596,,2356,1695,2059,1400,
12/19/2004,1450,2250,2678,2102,765,1301,,1507,1430,1260,1592,1394,778,874,1207,2485,774,2617,1823,1889,1684,1012,819,,929,1658,1025,2285,2386,3141,1689,,1493,3227,1689,2549,1045,1400,,1492,2899,623,,2646,1781,2185,1555,
12/26/2004,1529,2571,2906,2557,1084,1847,,1707,1534,1351,2245,1430,853,923,1255,2646,870,3178,2772,2651,2866,1143,879,,911,1823,1509,3394,2346,4164,1934,,1711,3364,1858,3220,1219,1520,,1558,3414,688,,3306,2264,2293,2024,
1/2/2005,1841,3138,2846,2599,1233,2116,,1708,1584,1444,2025,1506,953,962,1359,3003,1029,3366,2666,2407,2892,1326,930,,937,1890,2115,3409,2389,4149,2360,,1728,3420,2125,3157,1623,1621,,1680,3129,764,,3268,2373,2379,2436,
1/9/2005,1905,2649,2718,2352,1149,2027,,1306,1649,1471,2250,1775,962,1025,1425,3331,1363,3416,2221,2065,3177,1327,936,,991,1986,2357,3208,2402,2994,1773,,1900,3582,2281,3126,2741,1578,,1708,3100,859,,2779,2262,2425,2381,
1/16/2005,1871,2295,2722,2592,1417,1767,,1508,1516,1547,2193,1575,1049,1083,1542,3571,1711,3253,1888,2027,3596,1504,897,,1136,2376,2184,2951,2453,2591,1636,,1688,3282,2556,3391,3045,1641,,1643,4244,923,,2970,3367,2408,2846,
1/23/2005,1847,2531,2903,2746,2073,2151,,1911,1982,1662,2772,1720,1183,1072,1640,4025,2093,3868,1369,2816,3851,1696,1084,,1293,2481,2196,2989,2630,2617,2224,,1696,3354,2540,3277,3094,1700,,2582,5175,970,,3358,2921,2508,3811,
1/30/2005,2254,2731,3870,2888,1961,1918,,2086,2748,1786,3188,2349,2163,1403,1869,6070,2223,4563,1665,3884,4711,1962,1396,,1782,2554,2139,3249,2886,3026,2892,,2416,4418,3012,3692,2875,2394,,4535,6409,970,,4240,3283,2579,4723,
2/6/2005,3917,3691,7745,3478,2073,2392,,2156,3719,2157,3887,3156,2875,2094,3325,7128,2167,5437,1893,4752,3879,3196,1941,,2657,2585,2061,3840,3237,3062,4438,,3241,6004,3218,4839,3107,3165,,6049,7444,1051,,5391,3483,2817,4948,
2/13/2005,4958,3882,9769,3590,1949,2258,,2500,3989,2677,3485,3910,2918,2268,4431,7753,2002,5426,1741,4810,3236,5179,2241,,2842,2949,1845,4163,3659,3061,4665,,3855,7143,4003,4913,2778,4256,,6232,7732,1132,,5441,3806,3349,4663,
2/20/2005,4314,3400,8128,3016,1564,1774,,2385,3611,3127,3063,3870,3000,2406,4069,7160,1817,4536,1367,3503,2945,5707,2197,,2679,3299,1689,3461,4013,2725,4117,,3692,7309,4390,4263,2502,3918,,4204,5847,1232,,4727,4155,3758,3728,
2/27/2005,3859,2835,6892,2407,1376,1592,,1843,2748,3396,2739,3228,2716,1961,3849,5839,1584,4079,1105,2654,2296,5330,1859,,2345,3197,1408,2408,4138,2063,3271,,3259,6376,3772,3472,2226,3195,,3288,4483,1147,,4188,3358,4082,3095,
3/6/2005,3271,2562,5829,2123,1105,1502,,1802,2480,3216,2264,2524,2302,1499,3036,4479,1437,3335,1176,2181,1903,4645,1543,,1975,3236,1234,2177,4081,1975,3166,,3141,5407,3016,3047,1766,2904,,3436,3350,1042,,3694,2478,4239,2320,
3/13/2005,2863,2339,4763,1847,933,1354,,1582,2356,3005,1882,2479,1801,1237,2531,3770,1304,3149,964,1750,1671,4015,1317,,1714,2902,1080,1984,3818,1827,2998,,2626,4785,2273,2641,1534,2776,,2911,2907,924,,3410,2054,4248,1858,
3/20/2005,2500,2141,4399,1676,766,1154,,1471,1620,2798,1600,2251,1487,1088,2300,3317,1174,2905,908,1767,1584,3470,1176,,1487,2687,1006,1579,3681,1811,2348,,2273,3989,1881,2586,1381,2515,,2573,2626,844,,2999,2039,4093,1966,
3/27/2005,2056,2108,3820,1862,729,998,,1335,1268,2623,1446,1934,1218,969,1991,2935,991,2409,828,1437,1521,2919,971,,1331,2385,890,1457,3415,1572,1781,,1781,3384,1659,2153,1239,2096,,1956,2162,760,,2414,1769,3812,1754,
4/3/2005,1564,1964,3404,1643,685,737,,973,1012,2349,1044,1575,1187,801,1685,2506,923,1980,756,1169,1230,2527,746,,1204,2095,795,1139,3086,1177,1238,,1303,2930,1503,1653,1129,1657,,1481,2151,683,,2105,1528,3618,1353,
4/10/2005,1283,2012,3093,1372,552,632,,887,786,2148,1027,1319,1055,712,1391,2196,879,1632,568,960,991,2165,601,,1039,1881,749,886,2880,912,966,,1132,2496,1291,1517,962,1397,,1157,1628,645,,1528,1369,3285,1086,
4/17/2005,1070,2016,2845,1245,471,556,,721,726,1978,780,1101,1006,624,1212,1970,845,1443,464,842,842,1867,530,,890,1730,695,808,2639,803,903,,986,2226,1120,1340,849,1150,,911,1575,582,,1406,1111,3000,891,
4/24/2005,931,1740,2601,1157,437,481,,757,693,1789,764,993,885,565,1007,1786,775,1317,405,759,757,1668,489,,817,1555,623,850,2464,720,758,,831,2040,1071,1288,750,962,,800,1353,550,,1485,868,2782,768,
5/1/2005,796,1545,2383,1065,391,426,,688,682,1571,783,856,770,506,878,1602,720,1325,347,682,705,1494,473,,729,1470,572,756,2264,677,687,,824,1863,1038,1205,668,867,,724,1443,493,,1380,842,2609,690,
5/8/2005,747,1543,2177,1131,337,387,,677,579,1455,649,769,643,473,774,1489,670,1276,340,677,713,1360,413,,664,1268,537,618,2109,632,673,,731,1687,1030,1136,603,760,,687,1150,439,,1224,764,2433,613,
5/15/2005,662,1557,2061,1069,316,351,,585,469,1310,591,726,570,449,696,1447,625,1256,342,646,666,1209,405,,581,1212,496,544,1994,594,623,,635,1564,879,1111,547,687,,632,1161,396,,1162,730,2303,558,
5/22/2005,644,1436,1920,1023,287,334,,521,453,1231,617,728,610,419,648,1464,571,1175,311,602,611,1132,367,,551,1098,453,577,1859,608,565,,560,1460,796,1149,515,635,,631,1122,370,,1138,727,2154,552,
5/29/2005,585,1272,1836,1023,272,329,,622,537,1171,588,680,700,377,593,1400,533,1177,293,584,567,1056,347,,502,995,420,569,1776,596,534,,541,1374,718,1110,468,613,,625,1147,355,,1148,671,2053,546,
6/5/2005,559,1047,1692,872,242,324,,540,540,1058,531,652,622,349,559,1354,507,1081,274,545,554,955,326,,473,916,384,543,1663,579,450,,513,1369,650,1118,424,564,,566,1173,331,,1165,612,1955,513,
6/12/2005,539,889,1610,954,243,305,,496,506,1032,498,626,618,329,540,1292,482,1115,269,517,527,907,306,,447,856,373,563,1593,503,433,,500,1320,646,1098,399,549,,554,1026,317,,1091,611,1881,511,
6/19/2005,508,781,1567,896,235,275,,518,472,952,504,611,599,313,530,1305,456,1074,263,504,533,865,300,,414,823,360,549,1509,494,432,,494,1257,713,1065,385,540,,535,966,303,,1053,690,1814,504,
6/26/2005,497,695,1492,829,220,254,,502,430,883,495,610,560,296,504,1259,434,1021,239,506,504,819,294,,389,781,332,541,1421,466,401,,500,1200,707,980,356,511,,487,925,286,,1063,667,1707,473,
7/3/2005,495,651,1437,844,219,255,,527,428,849,495,558,536,293,493,1229,416,984,243,526,489,753,310,,367,750,314,516,1364,472,414,,493,1160,687,1054,335,475,,465,980,274,,1081,615,1637,456,
7/10/2005,475,606,1376,875,218,251,,500,457,814,507,546,507,289,469,1192,404,960,278,515,471,715,298,,357,729,298,514,1301,477,436,,451,1104,682,1013,317,461,,433,1002,260,,982,596,1561,475,
7/17/2005,502,580,1300,798,229,240,,495,475,778,460,534,439,278,461,1169,382,933,274,505,465,687,313,,339,699,283,524,1265,529,479,,432,1086,616,936,301,455,,395,939,257,,979,575,1503,457,
7/24/2005,478,558,1231,752,226,252,,512,462,744,457,501,387,268,457,1098,363,940,252,472,457,649,316,,342,668,270,553,1204,516,450,,423,1090,541,916,290,430,,395,1010,263,,1038,538,1436,458,
7/31/2005,443,577,1190,742,225,251,,495,439,715,581,500,358,272,461,1096,349,915,224,457,487,626,307,,333,647,266,567,1154,480,457,,478,1092,520,945,273,438,,388,958,261,,994,617,1399,435,
8/7/2005,473,572,1154,794,218,273,,481,464,689,556,506,318,287,471,1069,338,965,225,431,465,612,294,,322,636,259,558,1118,500,421,,504,1104,516,962,267,427,,386,1141,252,,1066,609,1368,425,
8/14/2005,463,609,1123,804,225,260,,525,568,673,547,538,307,285,456,1096,322,951,227,464,455,597,306,,315,636,244,598,1089,493,430,,509,1067,502,1070,266,403,,411,1138,257,,1083,582,1329,419,
8/21/2005,489,672,1149,898,221,277,,554,535,655,586,564,322,288,453,1100,315,1001,228,528,437,603,303,,315,615,242,647,1050,654,435,,543,1043,526,1125,263,420,,450,1112,263,,991,516,1304,427,
8/28/2005,480,760,1126,893,242,288,,505,569,617,686,621,332,292,475,1099,303,1032,241,579,431,592,295,,322,647,252,554,1055,583,470,,543,1067,525,1036,265,419,,506,1029,255,,1079,499,1270,444,
9/4/2005,499,806,1099,979,259,299,,605,628,601,712,697,348,307,513,1118,294,1105,282,569,434,582,336,,335,670,246,555,1052,599,520,,598,1145,534,1165,264,448,,518,1369,252,,1197,514,1241,516,
9/11/2005,515,1059,1146,1387,321,315,,795,713,595,995,791,413,390,559,1192,298,1267,512,780,588,593,417,,366,734,281,857,1080,939,691,,923,1208,705,1511,275,481,,586,1878,292,,1594,792,1220,658,
9/18/2005,636,1311,1157,1341,342,359,,748,777,602,1024,872,475,444,632,1213,295,1304,518,1288,778,593,489,,390,799,317,1018,1080,995,751,,1113,1236,723,1475,278,541,,630,1478,297,,1497,1277,1230,869,
9/25/2005,700,1290,1235,1605,473,409,,839,800,642,971,909,510,540,669,1354,318,1428,561,1083,954,585,515,,433,873,366,1188,1091,1066,862,,1044,1338,893,1660,315,639,,757,1694,311,,1773,1045,1243,990,
10/2/2005,771,1805,1391,1979,604,561,,986,993,690,1240,1060,618,620,730,1460,340,1770,664,1397,1122,615,568,,481,989,499,1175,1190,1310,1103,,1280,1638,1188,1972,381,747,,890,2065,349,,1969,1798,1246,1045,
10/9/2005,986,2213,1636,2299,731,705,,1256,1259,872,1516,1278,725,667,845,1541,435,2149,941,1496,1428,669,836,,607,1155,690,1544,1422,1469,1163,,1719,2060,1992,2363,454,931,,1211,2635,424,,2334,2156,1327,1258,
10/16/2005,1140,1824,1891,2341,807,699,,1185,1162,981,1353,1293,798,803,950,1870,485,2131,986,1345,1372,688,827,,702,1388,853,1554,1684,1451,1142,,1357,2355,1910,2142,520,1092,,1277,2438,471,,2124,1755,1451,1254,
10/23/2005,1370,2234,2219,1946,850,835,,1199,1255,1087,1372,1345,821,893,1048,2041,604,2116,793,1432,1374,799,842,,754,1372,861,1556,1924,1509,1267,,1454,2574,1619,2329,640,1188,,1268,2539,558,,2160,1627,1613,1230,
10/30/2005,1484,2490,2423,2480,922,1061,1328,1404,1582,1294,1565,1499,902,930,1211,2469,705,2677,1088,1778,1716,921,838,,883,1828,988,1827,2285,1968,1665,,1680,2717,1792,2511,794,1310,,1283,3099,648,305,2638,2019,1935,1469,
11/6/2005,1554,2381,2568,2169,865,960,1400,1399,1496,1548,1431,1500,1031,949,1231,2611,764,2335,894,1290,1577,1031,802,,890,2069,950,1536,2829,1596,1583,,1665,2561,1945,2295,857,1415,,1482,3014,750,328,2232,1655,1935,1441,
11/13/2005,1554,2792,2570,2301,790,926,1470,1335,1268,1549,1414,1428,990,976,1244,2830,767,2623,932,1518,1469,1126,751,,877,2178,982,1564,2831,1530,1784,,1498,2923,1707,2277,971,1506,,1428,2825,909,406,2402,1597,2085,1376,
11/20/2005,1498,2734,2668,2279,732,919,1478,1050,1292,1576,1215,1274,1002,945,1248,2651,788,2200,664,1316,1330,1266,703,,836,2229,921,1367,2860,1294,1409,,1360,2795,1653,1993,1006,1345,,1498,2610,836,456,2282,1576,2180,1483,
11/27/2005,1415,2406,2670,2412,666,825,1590,1116,1373,1623,1405,1339,941,944,1302,2474,763,2193,975,1446,1497,1389,761,444,785,2048,930,1375,2827,1453,1456,,1390,2885,1331,2231,971,1324,,1382,2972,879,652,2276,1738,2169,1646,
12/4/2005,1425,3412,2668,2892,742,751,1766,1159,1328,1555,1304,1530,931,885,1285,2319,752,2413,839,1487,1359,1372,811,506,749,2377,840,1432,2788,1464,1514,,1282,2834,1202,2064,936,1285,,1234,2911,905,728,2186,1482,2277,1424,
12/11/2005,1461,6146,2910,4319,679,747,1924,1300,1246,1634,1388,1435,901,949,1331,2179,756,2240,754,1510,1317,1428,799,566,757,2849,821,1462,2857,1386,1554,,1388,3121,1604,1995,894,1395,,1425,3508,1362,760,2326,1966,2220,1285,
12/18/2005,1666,10866,3149,5561,1001,883,1956,1474,1628,1955,1535,1415,936,1178,1389,2345,765,2549,863,1555,1385,1404,832,655,758,4446,774,1648,3394,1554,1671,,1750,3602,2657,2212,969,1371,,1592,4579,2979,778,2465,3111,2291,1390,
12/25/2005,1958,12273,3448,5618,1410,1347,2037,1690,2018,2526,1935,1493,1043,1661,1462,2675,819,2771,1127,2109,1925,1460,1197,739,915,6616,833,2264,6095,2073,2133,,2062,4132,3202,2547,952,1682,,1978,5421,4793,757,2796,3105,2391,1750,
1/1/2006,2010,7717,3786,3646,1236,1338,2046,1782,1867,2936,2037,1748,1302,1868,1612,3076,899,2937,1309,2015,1968,1485,1184,794,989,5248,872,2156,7008,2037,1916,,1895,4480,2793,2636,1080,2013,,1874,4382,2804,832,2858,2729,2392,1940,
1/8/2006,1710,3627,3818,2749,1148,1068,2104,1485,1326,3024,1700,1652,1216,1349,1478,2998,890,2428,1086,1550,1478,1427,856,851,1066,3870,910,1930,6090,1719,1679,,1627,3975,2356,2318,1100,1806,,1454,3997,1687,842,2330,1950,2443,1446,
1/15/2006,1451,2438,3676,2199,1160,913,2156,1679,1471,3039,1627,1538,1121,1237,1383,2658,909,2225,952,1605,1371,1389,883,919,1182,2792,1050,1849,4769,1594,1614,,1417,4532,2110,2301,1089,1585,,1326,3927,1202,856,2218,1773,2386,1316,
1/22/2006,1535,2183,3557,2242,1244,891,2238,1744,1714,2746,1797,1585,1140,1409,1336,2890,950,2252,995,1568,1705,1433,1009,905,1297,2226,1081,1870,4058,1867,1582,,1505,5411,1826,2772,970,1608,,1873,4116,968,883,2641,1857,2390,1343,
1/29/2006,1800,1978,3662,2138,1260,1084,2240,1813,1908,2321,1716,1813,1058,1562,1381,3212,954,2249,1054,1717,1782,1471,1286,983,1313,1961,962,1885,3436,1917,1820,,1534,5538,1839,2642,939,1537,,2014,4122,810,838,2601,1759,2397,1296,
2/5/2006,1938,2155,3981,1994,1193,1133,2281,1835,1895,2020,1883,1652,1274,1788,1469,3291,852,2159,1146,1847,1823,1732,1207,1019,1393,1784,1025,2262,3041,2041,2051,,1636,6408,1861,2666,889,1626,,2136,3696,702,837,2694,1671,2460,1497,
2/12/2006,3028,2082,4926,2027,1165,1304,2401,2118,2690,1870,1830,2078,1797,1709,1481,3975,874,2561,1359,1820,2114,2319,1585,1099,1464,1945,964,2020,2844,2210,2644,,2033,6101,1572,2838,1029,2256,,2981,3793,651,855,2841,1718,2407,1704,
2/19/2006,4170,1758,5524,2138,1377,1574,2514,2359,2746,1705,2022,2297,2278,1497,1626,4446,924,2976,1434,2100,2273,3108,1514,1266,1549,1802,1191,2181,2695,2240,3000,,2147,5041,1753,3104,1112,2667,,2616,3607,598,913,3458,2000,2330,1949,
2/26/2006,4337,1844,4785,2059,1464,1518,2536,1946,2086,1592,2460,2452,2797,1318,2452,4461,1033,3128,1442,2047,2493,3347,1385,1437,1807,1817,1357,2171,2575,2252,3001,,2636,4202,2127,3175,1185,2834,,2365,3386,576,975,3813,1897,2416,2105,
3/5/2006,3336,1510,4201,1991,1245,1558,2681,1572,1728,1628,2177,2460,2976,1121,2594,3497,1394,3519,1407,2089,3044,3221,1182,1556,1741,1992,1658,2246,2497,2053,2691,,2405,3399,1998,3230,1339,2929,,1994,2817,535,1062,4242,1899,2763,2435,
3/12/2006,2638,1486,3797,2132,1187,1305,2680,1398,1167,1647,1747,2008,2159,994,2333,2992,1582,3096,1343,1763,2726,2684,1016,1714,1549,2093,1512,1733,2443,1831,1829,,2082,2790,2192,2896,1316,2500,,2055,2293,529,1130,3645,2124,2958,2430,
3/19/2006,1813,1697,3540,2194,1015,1202,2658,1190,1208,1547,1655,1792,1769,868,2151,2682,2059,2659,1418,1649,2761,2212,823,1671,1218,2093,1376,1626,2321,1898,1646,,2033,2360,2321,2798,1495,2241,,1454,2101,533,1336,3035,2548,3086,2157,
3/26/2006,1377,1650,3218,1997,739,1016,2639,1105,1187,1536,1529,1572,1489,760,2226,2648,2128,2543,1261,1611,2264,1784,704,1559,1045,1982,1282,1337,2307,1585,1452,,1739,2146,1848,2734,1349,2117,,1313,2111,560,1391,2985,2532,3315,2291,
4/2/2006,1121,1454,2749,1856,575,949,2594,873,765,1508,1197,1310,1288,680,1915,2334,1856,2462,980,1307,1604,1544,574,1362,931,1815,1197,1298,2248,1441,1206,,1301,1974,1742,2250,1263,1769,,1071,1933,556,1409,2460,1727,3154,1501,
4/9/2006,938,1276,2503,1593,491,833,2489,807,641,1501,1092,1239,1035,649,1470,2126,1530,1917,830,1174,1256,1364,481,1202,806,1697,1029,1089,2083,1186,1018,,1191,1929,1372,2051,1136,1365,,867,1769,530,1319,1775,1514,2893,1337,
4/16/2006,802,1197,2218,1473,447,737,2381,777,675,1451,881,1003,816,578,1240,1862,1246,1707,608,1013,983,1238,469,1082,699,1555,965,928,1958,996,825,,925,1725,1154,1603,975,1057,,764,1694,486,1202,1623,1145,2681,1288,
4/23/2006,732,1206,1997,1227,433,632,2237,778,568,1325,888,895,685,509,970,1636,1014,1601,503,910,798,1061,440,964,619,1353,836,845,1811,859,722,,908,1555,1157,1521,826,888,,689,1711,460,1061,1358,968,2497,1062,
4/30/2006,662,1102,1904,1251,435,503,2130,751,588,1200,884,894,645,487,845,1467,881,1530,454,827,764,978,460,889,571,1229,708,842,1724,819,704,,851,1473,1212,1469,711,835,,680,1560,482,968,1392,958,2318,922,
5/7/2006,613,1187,1737,1069,428,420,2035,707,676,1102,831,922,587,427,673,1372,750,1568,423,774,716,839,419,786,532,1161,605,764,1666,790,690,,750,1362,1086,1528,633,757,,636,1428,438,864,1397,901,2176,841,
5/14/2006,609,1173,1664,1035,400,416,1945,701,647,1054,693,856,544,413,634,1370,647,1346,363,716,689,787,415,735,474,1009,557,722,1534,712,682,,725,1331,1038,1299,588,725,,665,1322,413,786,1294,817,2018,775,
5/21/2006,606,1058,1618,1015,365,391,1844,685,536,1002,661,859,483,403,606,1306,575,1261,407,736,643,759,433,692,431,948,520,728,1445,793,649,,781,1261,994,1304,546,726,,599,1286,421,730,1249,643,1894,740,
5/28/2006,580,927,1559,998,319,402,1774,621,596,958,657,777,467,402,559,1304,522,1304,363,660,596,715,402,644,421,898,479,657,1409,644,586,,751,1262,883,1157,496,700,,573,1346,399,664,1151,782,1782,745,
6/4/2006,535,850,1493,861,268,363,1716,650,639,913,563,764,443,388,526,1235,463,1170,305,628,621,686,359,608,404,926,431,669,1332,609,582,,679,1164,832,1188,457,663,,586,1174,369,621,1196,726,1689,645,
6/11/2006,508,741,1440,843,251,331,1647,606,560,852,568,701,392,374,522,1209,426,1078,343,601,586,677,318,566,391,889,388,694,1274,607,523,,617,1159,652,1137,449,618,,547,1006,326,571,1094,652,1623,621,
6/18/2006,496,654,1440,757,225,301,1566,484,531,826,571,645,374,368,483,1188,402,1140,305,539,538,658,292,541,365,844,374,593,1215,497,484,,557,1089,587,1040,413,564,,548,1031,322,545,1070,768,1537,544,
6/25/2006,470,638,1435,719,214,285,1517,437,510,784,594,633,355,367,477,1149,380,1139,235,557,511,643,279,516,352,836,349,561,1165,496,474,,483,1051,567,1046,387,543,,475,997,329,503,1077,686,1469,562,
7/2/2006,458,627,1375,767,215,288,1459,516,492,746,535,608,343,364,461,1055,359,1065,259,583,516,625,277,496,353,830,357,544,1115,557,463,,477,1028,548,953,367,522,,457,1066,314,477,1003,646,1440,611,
7/9/2006,441,635,1337,744,218,276,1417,513,482,706,597,618,338,371,432,1008,348,985,278,607,509,585,299,476,349,784,353,578,1082,528,465,,520,993,540,968,350,488,,415,1071,289,448,914,623,1357,628,
7/16/2006,430,614,1238,717,227,261,1386,498,456,679,488,608,321,355,410,1000,323,988,248,576,489,568,297,452,340,738,321,550,1059,518,422,,534,940,551,1030,340,462,,400,1015,274,421,998,547,1314,592,
7/23/2006,416,541,1225,636,223,262,1337,547,540,650,473,605,316,346,394,976,317,1054,255,543,491,545,306,425,341,668,317,551,1024,577,461,,515,901,496,991,327,437,,401,1064,264,393,965,543,1237,584,
7/30/2006,428,551,1184,643,212,249,1301,462,478,650,477,578,305,337,379,960,303,1123,251,559,462,530,315,410,341,667,299,528,1009,467,443,,547,876,492,977,316,423,,423,1004,255,370,913,546,1199,579,
8/6/2006,431,528,1162,694,204,252,1282,452,506,640,451,592,296,326,377,967,286,986,253,559,467,517,292,386,329,648,290,555,992,529,395,,577,897,478,946,300,430,,423,1003,257,350,928,513,1160,577,
8/13/2006,426,620,1126,737,206,261,1213,523,583,652,476,575,301,316,377,965,281,947,280,501,464,506,286,370,326,608,280,563,965,544,384,,572,866,445,951,292,425,,462,992,259,340,1033,584,1103,575,
8/20/2006,445,597,1102,728,211,257,1197,532,645,619,603,593,299,311,403,984,276,960,268,577,441,512,291,356,336,596,279,552,947,528,432,,549,851,445,964,287,435,,497,1095,275,328,1024,578,1096,576,
8/27/2006,468,718,1076,736,258,268,1162,571,576,622,617,692,311,322,412,1016,284,1011,275,607,435,520,305,343,369,581,285,559,979,531,462,,558,918,464,954,273,473,,566,1161,290,313,1033,506,1071,551,
9/3/2006,513,814,1114,851,299,280,1164,630,774,607,657,750,341,354,448,1061,274,1146,299,597,424,526,326,336,377,590,290,531,977,660,526,,655,937,452,1020,278,521,,574,1252,297,297,1258,572,1064,531,
9/10/2006,547,932,1127,955,333,312,1144,619,778,615,751,835,365,395,535,1190,291,1372,435,723,491,522,357,319,401,645,287,733,1035,754,618,,744,1081,493,1278,290,595,,601,1416,328,295,1349,605,1044,557,
9/17/2006,607,1052,1195,1035,337,404,1131,733,839,642,1023,894,403,463,649,1236,293,1447,545,874,580,511,439,315,448,730,332,904,1085,916,816,,946,1310,532,1588,299,668,,690,1495,338,287,1684,705,1042,732,
9/24/2006,681,1053,1281,1120,362,535,1147,812,788,669,968,913,439,510,800,1517,307,1555,526,921,674,539,486,314,483,858,370,923,1157,891,771,,920,1517,660,1659,330,676,,683,1649,366,291,1562,930,1057,926,
10/1/2006,800,1103,1361,1196,390,552,1164,793,873,710,926,1055,483,577,789,1617,349,1494,507,995,677,571,497,326,521,970,426,954,1241,914,746,,1011,1581,812,1531,371,753,,729,1918,408,295,1728,988,1110,911,
10/8/2006,1020,1105,1399,1297,423,585,1174,832,879,752,973,1146,502,581,867,1860,387,1629,528,1005,818,656,513,338,586,1139,492,915,1282,965,861,,986,1682,910,1501,396,751,,959,1913,445,295,1696,1226,1167,961,
10/15/2006,1126,1247,1581,1341,464,608,1193,961,1105,784,1075,1188,535,604,1013,1973,450,1720,531,1095,820,801,538,349,629,1154,520,1046,1368,995,978,,1143,1758,1007,1751,454,903,,1040,1959,483,300,1791,1006,1208,1067,
10/22/2006,1168,1574,1661,1515,556,674,1245,1013,1229,800,1155,1212,620,604,1180,2292,448,2077,593,1166,926,946,568,353,655,1185,548,1108,1465,1112,1012,,1308,2006,1065,1860,506,994,,1079,2341,486,330,1866,1152,1449,1019,
10/29/2006,1307,1691,1852,1614,656,733,1386,1186,1244,892,1273,1278,797,787,1079,2776,488,1989,665,1169,1110,1079,671,378,752,1336,537,1299,1553,1213,1437,,1205,2193,1295,1982,547,1258,,1141,2609,577,367,2129,1416,1651,1252,
11/5/2006,1698,1913,2128,1531,707,765,1421,1181,1476,1076,1222,1422,865,874,1228,2983,534,2047,715,1239,1293,1222,875,400,791,1516,542,1321,1611,1265,1685,,1297,2474,1374,2087,587,1456,350,1418,2952,664,396,2081,1229,1728,1322,
11/12/2006,1947,2239,2656,1716,708,909,1554,1406,1626,1106,1481,1534,928,886,1658,3051,552,2254,882,1504,1506,1549,977,493,801,1931,602,1314,1742,1326,1818,503,1566,2774,1367,2243,621,1501,422,1473,2918,786,411,2310,1485,1938,1434,
11/19/2006,1992,2343,2948,1515,736,779,1625,1227,1711,1221,1303,1369,903,878,1745,3304,565,1969,713,1649,1447,1671,804,519,821,2000,627,1164,1915,1201,1354,560,1231,2824,1283,1973,612,1343,463,1419,2684,697,431,1986,1322,1998,1336,
11/26/2006,2130,2712,3219,1895,847,823,1766,1529,1814,1281,1527,1737,873,822,1616,3202,608,2360,950,1603,1571,1963,956,589,814,2084,786,1642,2227,1563,1741,712,1538,2804,1261,2226,703,1503,610,1815,2836,755,512,2489,1460,2033,1456,
12/3/2006,2770,2367,3094,1823,777,969,1959,1381,1875,1472,1432,1538,1031,911,1572,3308,667,2369,874,1607,1624,2079,871,606,893,2089,871,1702,2367,1621,1880,738,1484,2708,1655,2308,774,1628,796,1711,2873,871,570,2406,1396,2030,1589,
12/10/2006,4613,2516,3184,1923,809,1009,1957,1676,2568,1501,1560,1575,1001,961,1676,4308,765,2500,900,1627,1529,3151,1145,617,1015,2381,1001,1491,2423,1662,2881,756,1635,2876,1941,2105,758,1828,962,2501,3205,950,615,2550,1551,2170,1646,
12/17/2006,5334,2419,3217,1977,820,962,2019,1770,3333,1489,1750,1878,1026,1129,1911,5863,774,2377,1044,2078,1799,4906,1611,629,1165,2558,1056,1584,2530,1790,4006,773,1825,3370,1814,2693,983,2826,1089,3474,3078,1101,680,2632,1743,2132,1846,
12/24/2006,4565,3180,3670,2479,973,1281,2174,1820,3012,1667,2261,2210,1155,1558,2070,6140,908,2551,1236,2537,2628,4301,2066,708,1304,2789,1069,2060,2511,2079,3346,826,2260,3933,2311,2856,984,2581,1283,3123,3510,1258,704,2776,2038,2284,1772,
12/31/2006,3166,2752,3672,2621,837,1337,2234,1656,2165,1809,2062,2122,1216,1398,2220,5384,1404,2816,1334,2192,2117,3337,1511,728,1404,2535,1212,2030,2500,2081,2382,882,2342,3881,2732,2988,1161,2307,1236,2412,3524,1364,749,2864,2047,2347,2199,
1/7/2007,2088,2218,3689,2347,748,1145,2241,1430,1589,1836,1773,1650,1056,1174,1952,4330,1545,2675,1103,1794,1880,2517,1341,764,1271,2390,1215,1689,2530,1825,1917,969,1864,3584,2256,2472,1251,1897,1279,2022,3126,1133,773,2487,1850,2398,1787,
1/14/2007,1780,2609,3530,2413,737,1069,2191,1172,1573,1975,1834,1487,1261,1075,2517,3769,1487,2101,926,1608,1647,2129,1179,757,1269,2072,1160,1718,2445,1594,1723,987,1702,3187,2111,2367,1251,1769,1297,2134,2685,878,829,2200,1801,2519,1784,
1/21/2007,1812,2777,5455,2952,721,1134,2247,1203,1769,2145,1959,1770,1790,1260,3084,3703,1234,2175,1065,1705,2365,2118,1136,775,2265,2042,1044,1507,2313,1618,2058,1041,1748,3001,2759,2194,1157,1834,1387,2779,3213,853,905,2314,2356,2551,1888,
1/28/2007,1843,2881,7940,3380,916,1069,2203,1325,1927,2663,1916,2004,2117,1535,2998,3651,1174,2140,1016,1820,3096,2315,1149,787,2497,2262,995,1681,2404,1839,2139,1154,1916,4001,3134,2316,1120,2025,1553,3294,4183,1031,949,2510,2796,2704,1926,
2/4/2007,2408,2869,10011,3524,1038,1315,2191,1375,2337,3741,2276,2269,2781,1820,2694,4104,1382,2361,1097,1712,4493,2714,1446,873,2623,2533,1069,2069,2323,2040,2593,1587,1860,6279,4376,2519,1234,2744,2242,3255,5710,1113,1022,2654,4446,2793,2528,
2/11/2007,2597,2567,8859,3273,1152,1321,2261,1524,2760,4385,2258,2210,2617,1931,2688,4199,1315,2280,1263,1964,5982,3391,1464,954,3486,2725,1221,2162,2573,2172,3111,2288,1853,8341,4410,2557,1089,2841,3926,3563,5925,1057,1045,2919,5845,3094,2893,
2/18/2007,2915,2320,7092,2598,1301,1499,2303,1522,2648,3757,2311,2262,2287,1766,2961,4297,1334,2493,1254,2101,4615,3576,1423,1172,3359,2564,1564,2341,3059,2368,3666,4109,1716,8534,2898,2583,1100,2977,4954,3480,6565,1125,1054,3234,4852,3178,3297,
2/25/2007,2703,2527,5787,2453,1303,1421,2327,1513,2259,3155,2122,2416,1646,1268,3080,4026,1360,2537,1211,2137,2659,3217,1367,1586,2185,2245,1589,2539,3239,2287,3111,4593,1826,6162,2407,2820,1047,2632,5270,2836,5543,1356,1252,3193,3418,3216,2811,
3/4/2007,2198,2355,4952,2338,1379,1304,2461,1314,1954,2824,2090,2221,1374,991,2814,3426,1301,2737,1147,1975,1899,2665,1035,2073,1627,2075,1486,2387,3352,2194,2385,4084,1988,5049,2164,2693,991,2561,4573,2249,4649,1302,1374,3223,2750,3121,2455,
3/11/2007,1878,1844,4046,1887,1371,1164,2642,1230,1685,2410,1890,1864,1197,876,2160,2937,1307,2599,975,1966,1756,2274,894,2303,1310,1863,1320,2151,3256,1947,1866,3371,1781,4207,1742,2437,952,2105,3904,1770,3324,1123,1354,2948,1930,3073,1957,
3/18/2007,1511,1786,3554,1550,1091,1007,2679,1219,1412,2151,1624,1907,1054,745,2022,2698,1265,2464,962,1872,1551,1935,770,2370,1050,1842,1159,1928,3173,1860,1567,2816,1729,3248,1439,2420,857,1780,3206,1418,2673,907,1427,2901,1515,3141,1954,
3/25/2007,1299,1348,2952,1386,736,1032,2582,1174,1046,1797,1094,1441,875,646,1549,2262,1176,2356,840,1574,1207,1644,636,2098,861,1739,1123,1878,3009,1682,1156,2282,1403,2307,1135,2306,807,1472,2664,1093,2156,731,1460,2444,1545,2952,1452,
4/1/2007,1010,1209,2453,1260,676,901,2509,862,864,1511,1012,1072,760,514,1126,1974,1138,1979,765,1484,1024,1390,540,1972,737,1527,1000,1283,2826,1496,943,1931,1095,1927,957,1988,727,1159,2284,844,1899,602,1373,1908,1457,2723,1120,
4/8/2007,961,1234,2102,1240,563,770,2386,890,952,1311,1092,960,671,485,980,1830,1005,1842,754,1248,1256,1284,504,1752,628,1325,957,1245,2569,1278,893,1716,1141,1703,990,1956,700,1010,1920,909,2175,519,1201,2054,1349,2389,1089,
4/15/2007,889,1076,1899,1108,565,678,2270,794,832,1134,1030,1010,603,463,928,1680,934,1990,662,1148,982,1140,484,1511,564,1196,874,1068,2235,1084,851,1483,1065,1802,1003,1856,626,901,1642,842,1892,495,1075,1859,913,2199,948,
4/22/2007,864,1057,1682,1005,516,511,2122,762,852,1024,841,970,530,487,834,1675,892,1654,533,800,790,1001,428,1278,514,1050,824,828,2042,828,757,1285,897,1759,918,1613,591,792,1397,706,1693,479,996,1639,952,2047,847,
4/29/2007,776,907,1566,986,418,459,2012,673,714,949,717,890,485,442,700,1613,743,1460,431,789,733,898,435,1107,504,956,714,796,1825,784,587,1146,780,1623,885,1364,528,673,1172,631,1539,458,870,1416,901,1874,746,
5/6/2007,744,756,1509,892,362,411,1873,634,646,892,746,838,452,406,639,1608,657,1440,362,758,641,839,443,960,468,880,595,746,1660,777,648,1004,730,1518,892,1337,498,631,1017,585,1411,415,771,1498,879,1810,648,
5/13/2007,676,773,1503,857,339,344,1818,688,697,817,661,819,412,380,590,1510,554,1311,322,696,588,787,385,834,443,847,491,723,1527,665,598,949,755,1427,775,1223,453,581,938,567,1381,370,709,1244,740,1696,627,
5/20/2007,618,819,1475,803,334,309,1720,603,646,761,653,771,416,344,553,1415,489,1237,313,675,612,724,355,743,429,772,439,737,1437,677,510,840,650,1409,718,1257,421,589,820,542,1339,348,657,1252,771,1588,614,
5/27/2007,597,744,1447,842,292,298,1666,571,602,772,671,778,395,340,573,1287,423,1233,272,598,559,672,375,665,417,730,376,720,1364,620,541,793,596,1440,722,1153,390,547,758,514,1385,334,607,1185,779,1507,599,
6/3/2007,565,754,1373,754,258,287,1596,561,586,728,533,733,366,347,544,1186,374,1164,239,552,496,639,365,619,419,763,340,660,1267,601,552,735,564,1361,638,1054,368,529,713,510,1359,323,554,1141,661,1424,573,
6/10/2007,542,711,1288,759,260,283,1536,559,634,716,520,698,354,346,511,1157,343,1130,273,530,473,604,334,565,402,725,311,641,1176,582,461,690,591,1450,636,1109,340,496,670,490,1336,318,528,1036,656,1372,558,
6/17/2007,522,682,1235,751,254,264,1512,537,546,667,554,633,322,345,492,1138,327,1151,292,521,459,558,300,520,368,676,304,650,1129,512,420,638,531,1356,583,1088,318,474,608,460,1310,313,499,1057,638,1333,559,
6/24/2007,522,695,1282,714,235,262,1451,538,572,642,503,599,311,330,452,1137,306,1088,258,557,468,532,281,472,360,673,286,578,1100,490,444,601,458,1307,564,1009,304,441,574,483,1178,288,469,1050,699,1260,548,
7/1/2007,491,657,1256,683,221,255,1403,540,552,622,542,577,293,310,442,1196,276,1119,225,543,493,525,291,444,357,710,280,589,1090,499,433,592,447,1295,526,965,296,418,551,463,1204,286,441,1088,673,1213,503,
7/8/2007,481,569,1198,696,236,251,1361,488,509,598,514,589,284,304,412,1234,255,1128,223,472,488,512,322,411,356,708,288,550,1043,526,379,543,535,1318,500,965,297,397,520,444,1186,278,415,1010,634,1198,484,
7/15/2007,466,565,1151,694,233,249,1305,484,631,573,497,585,278,304,408,1175,246,1010,254,440,482,490,319,391,350,722,271,521,1011,512,368,530,520,1328,455,1075,289,388,489,434,1224,278,396,990,533,1160,487,
7/22/2007,454,627,1195,669,250,235,1275,563,597,552,499,593,275,334,405,1137,228,973,252,456,453,484,307,367,331,720,261,477,978,473,428,494,517,1455,418,943,279,381,467,438,1200,272,373,1049,537,1135,491,
7/29/2007,449,596,1192,691,270,231,1268,496,574,543,566,616,274,333,416,1111,223,1041,213,481,446,472,303,352,322,742,252,551,997,552,432,475,468,1409,414,1057,265,421,452,437,1209,272,353,1029,540,1128,478,
8/5/2007,454,610,1184,663,293,218,1225,544,583,529,568,605,286,347,418,1113,222,1041,213,503,479,471,321,329,322,731,233,550,970,526,440,455,447,1363,424,1008,255,421,426,408,1308,281,331,967,572,1103,498,
8/12/2007,447,580,1134,709,306,228,1208,516,643,513,561,572,300,357,429,1098,221,1039,218,556,528,460,350,320,314,714,236,615,961,545,431,437,558,1349,437,1049,245,423,413,445,1212,305,323,997,585,1090,509,
8/19/2007,501,731,1096,744,316,237,1164,525,609,509,656,565,302,338,449,1100,228,1041,280,559,549,483,333,308,318,697,221,577,1021,544,430,426,558,1375,471,1129,233,456,402,492,1172,307,308,1006,544,1066,505,
8/26/2007,538,870,1088,687,351,248,1146,553,656,520,707,685,325,356,515,1119,238,1039,283,523,534,493,371,297,326,669,221,579,1093,555,502,411,570,1377,461,1232,226,494,402,526,1323,292,293,1127,591,1067,506,
9/2/2007,590,908,1179,758,362,286,1161,675,763,550,828,835,342,409,580,1227,227,1118,252,590,592,510,444,282,343,722,218,674,1114,663,561,393,651,1561,470,1318,236,546,395,593,1495,307,286,1224,613,1062,632,
9/9/2007,638,802,1173,908,390,302,1183,666,726,578,778,825,368,535,660,1464,232,1246,327,823,677,552,444,272,361,758,229,746,1189,642,691,378,748,1598,499,1495,255,638,403,620,1580,315,275,1268,692,1131,785,
9/16/2007,692,827,1254,937,386,362,1186,726,721,629,865,819,429,567,649,1651,263,1358,439,964,761,625,484,279,421,816,264,869,1265,836,809,370,820,1684,541,1511,271,697,410,585,1758,311,267,1419,805,1230,797,
9/23/2007,752,927,1477,1112,410,430,1174,763,711,645,859,858,508,587,708,1549,312,1401,412,893,750,651,510,289,458,949,284,899,1300,844,764,361,905,1790,693,1501,286,737,431,696,1743,364,266,1435,850,1395,811,
9/30/2007,796,1107,1644,1185,465,411,1160,836,878,680,936,925,535,572,807,1624,342,1456,460,965,754,745,518,307,507,1012,359,1029,1355,1005,835,353,871,1853,1018,1622,355,781,442,797,2019,431,265,1569,1089,1581,825,
10/7/2007,853,1215,1773,1211,479,408,1181,868,843,750,896,1054,566,632,858,1715,388,1584,492,1028,824,836,520,323,517,1079,423,956,1447,939,867,362,945,1933,1017,1598,458,852,433,933,2267,495,284,1475,1240,1662,913,
10/14/2007,868,1271,1957,1277,529,497,1200,909,1091,848,1049,1124,572,687,929,1888,488,1719,584,1101,1087,960,643,327,563,1191,475,1099,1501,1061,1077,399,974,2152,1044,1714,477,1109,454,1008,2363,557,303,1539,1218,1736,1059,
10/21/2007,1092,1562,2072,1241,633,532,1278,995,1145,906,1153,1300,637,705,1074,2182,500,1696,544,1229,1038,1115,702,364,654,1226,543,1152,1583,1022,1079,406,1012,2518,1208,1757,466,1143,505,1060,2522,630,307,1692,1299,1879,1078,
10/28/2007,1349,1680,2449,1333,679,666,1358,1028,1281,1028,1243,1145,769,804,1300,2509,527,1917,611,1305,1283,1255,843,424,778,1256,661,1301,1708,1207,1233,491,1237,2839,1260,1842,484,1140,566,1187,2680,626,347,1817,1492,1986,1220,
11/4/2007,1621,1840,2738,1464,728,656,1448,985,1283,1209,1328,1246,932,929,1323,2487,563,2035,625,1350,1337,1471,862,449,952,1309,758,1301,2012,1307,1432,522,1419,3256,1141,2144,491,1302,622,1581,2889,571,393,2013,1432,2070,1443,
11/11/2007,1572,1821,2965,1527,814,757,1627,1131,1333,1366,1334,1283,941,1036,1432,2494,623,2058,794,1268,1488,1574,887,502,964,1405,746,1479,2159,1313,1329,594,1308,3583,1406,2085,532,1272,749,1445,2894,548,481,2021,1482,2202,1292,
11/18/2007,1317,1950,2852,1312,813,661,1687,1009,1212,1375,1183,1141,819,974,1375,2412,600,2057,717,1171,1358,1670,775,544,898,1384,720,1304,2208,1141,1295,625,1249,3266,1293,1922,584,1270,823,1292,2386,543,530,1663,1378,2250,1278,
11/25/2007,1252,2056,3045,1624,814,799,1788,1101,1447,1318,1471,1537,783,1126,1543,2242,648,2298,766,1336,1581,1540,856,547,873,1378,692,1562,2321,1403,1515,712,1442,3176,1508,2158,658,1336,884,1427,2934,607,616,2013,1449,2318,1523,
12/2/2007,1438,1582,3325,1510,755,800,1935,1065,1346,1380,1299,1430,877,991,1392,2405,709,2139,746,1320,1288,1443,799,593,817,1348,711,1459,2347,1469,1340,769,1368,3138,1423,2051,688,1357,977,1435,2908,667,696,1991,1358,2268,1288,429
12/9/2007,1278,1710,2993,1647,911,661,2032,1050,1268,1372,1322,1360,843,948,1386,2556,708,2151,768,1305,1390,1386,788,613,810,1498,767,1519,2216,1420,1388,820,1335,2729,1344,2069,692,1402,966,1354,2615,644,666,2055,1392,2148,1420,471
12/16/2007,1161,2018,2809,1781,1106,749,2115,1029,1357,1355,1429,1444,815,940,1432,2775,756,2172,805,1687,1541,1396,802,655,782,1649,695,1734,2223,1595,1359,860,1651,2766,1596,2205,674,1268,965,1435,2434,619,660,2156,1647,2158,1513,524
12/23/2007,1250,2601,2778,2060,1388,895,2190,1115,1520,1457,1527,1568,843,997,1371,3029,856,2693,913,2201,1959,1427,969,675,779,1820,678,1950,2345,1710,1512,854,1915,3275,1973,2365,751,1244,1013,1585,3022,667,699,2230,2125,2151,1685,576
12/30/2007,1683,2721,2722,2647,1406,1069,2323,1270,1498,1554,1884,1660,884,1231,1526,4014,814,2850,1174,2399,1794,1615,955,761,882,2669,764,2325,2562,2173,1509,912,2314,3700,1949,2745,841,1341,1011,2059,4408,772,715,2280,2564,2199,1775,623
1/6/2008,1586,2884,2989,2524,1093,1112,2234,1397,1539,1590,1661,1480,874,1241,1499,4338,844,2612,1046,2020,1708,1726,1008,885,1014,3351,862,2237,3355,2085,1510,895,2089,3433,2023,2592,980,1374,986,1602,4546,788,679,2391,2489,2353,1528,647
1/13/2008,1481,2448,3478,2575,1176,1088,2206,1270,1422,1802,1620,1580,936,1126,1387,4910,863,2744,995,2396,1537,2098,1204,941,1074,3239,893,2213,3743,2041,1548,898,2282,3541,2255,2555,998,1267,1067,1911,4965,979,695,2458,2379,2493,1389,699
1/20/2008,2555,3947,6689,3246,1622,1103,2317,1565,2053,2093,2049,2107,1179,1447,2038,7385,906,3390,1266,3431,1922,3535,2016,1234,1245,3887,890,2638,4499,2491,2256,1005,3032,5611,2218,3230,1004,2273,1413,2983,7135,1184,723,3115,3148,2786,1880,798
1/27/2008,4725,4808,12494,3774,1984,1611,2561,1815,3212,2374,2726,3373,2079,2476,3616,9327,997,4597,1848,4254,2476,8337,3178,1509,2348,3977,1143,3842,5970,3471,3819,1163,4055,8561,2723,4381,1259,4295,1856,5128,9531,1643,788,4593,3791,4186,2488,1020
2/3/2008,7903,6565,14700,4091,2382,2232,2886,2364,4764,3316,3628,5400,2912,3697,6318,11329,1327,6292,2900,4624,3636,11343,4319,2119,3951,5743,1705,5150,6550,4439,6428,2039,4870,11176,3738,5638,2773,6969,3297,7138,9758,2152,1046,5885,4135,7125,3421,1461
2/10/2008,9765,7396,14278,5275,3183,3044,4128,2517,6308,4778,4349,6465,3671,4535,7383,9520,1797,6172,3638,3895,4636,11065,4313,2783,5849,5898,2975,5339,7344,4845,8127,3691,4411,14119,4361,5498,3731,7523,5147,8308,8440,2644,1512,5786,4546,7166,4413,1878
2/17/2008,10185,7398,13182,5426,3774,3829,4755,3161,6944,5735,5161,7046,4527,5324,7970,7896,3592,6034,4517,4173,6442,8102,4292,3328,6729,6161,4815,5924,7520,5628,9441,6249,4285,14807,5662,5887,5201,8604,6515,9413,7945,3603,2376,6116,5395,7673,5802,2658
2/24/2008,7303,6043,11458,4168,3052,3559,5593,2904,5537,6051,5046,6446,4366,4581,6728,7105,4452,5259,3679,3361,6909,5111,3347,2992,6195,4935,4034,5138,5595,5064,8234,7651,3644,13139,4892,5445,4568,7738,7080,7147,6356,2852,3037,5369,4827,7486,6887,3106
3/2/2008,4817,4163,7157,3337,2256,3075,5332,2764,3878,4774,4349,4448,3858,3589,5282,4323,5225,4333,2877,2843,6639,3581,2593,2393,4330,3473,2780,4068,4679,3980,5305,6881,2846,8498,3603,4586,3452,5080,6039,4775,4819,2248,3414,4291,3661,5728,6142,2893
3/9/2008,3265,3093,5194,2715,1701,2319,4878,2372,2609,4266,3722,3064,3401,2307,3179,3876,3958,3367,1928,2363,5970,2858,2082,2063,2835,2777,2761,2995,3785,3425,3486,5614,2284,5787,3123,3740,2263,3140,4928,3275,4100,1498,3072,3271,3120,4709,4833,2809
3/16/2008,2244,2990,4079,2133,1286,1880,4032,1889,1902,3336,3010,2486,2803,1385,2534,3231,2765,2831,1991,2128,4574,2112,1470,1842,1981,2325,2176,2291,3365,2695,2338,4509,1970,3945,2372,3210,1866,2306,4413,2215,3085,1063,2742,2716,2546,3955,3723,2585
3/23/2008,1790,2467,3286,1751,964,1555,3586,1518,1536,2870,2354,1927,1800,1008,2053,2781,2278,2665,1356,2212,3247,1706,1141,1634,1669,1888,1784,1938,2959,2240,1786,3580,1863,2870,2309,2929,1613,1618,3725,1649,2694,917,2319,2423,2331,3521,2558,2215
3/30/2008,1466,1889,2897,1510,841,1300,3254,1318,1230,2354,2043,1635,1384,693,1649,2560,1844,2255,990,1655,2186,1419,816,1401,1287,1694,1450,1648,2576,1664,1240,2953,1496,2384,1859,2364,1359,1402,3102,1164,2202,798,2053,1999,2280,3025,1894,1905
4/6/2008,1167,1543,2433,1345,657,863,2978,1070,958,2007,1596,1309,1128,572,1349,2220,1409,2041,862,1410,1489,1200,672,1178,1000,1470,1168,1425,2352,1354,973,2401,1362,2065,1443,2022,1055,1224,2334,1209,2023,672,1775,1697,1825,2632,1520,1595
4/13/2008,968,1742,2083,1246,595,683,2738,983,909,1723,1300,1060,935,528,1024,1984,1145,1755,654,1246,1336,1055,578,1030,820,1218,963,1151,2203,1114,882,1994,1072,2050,1411,1792,813,1016,1853,939,1828,627,1516,1517,1374,2384,1304,1416
4/20/2008,862,1566,1861,1163,544,550,2467,864,751,1454,1085,893,769,460,848,1769,934,1769,627,999,987,970,575,891,701,1046,798,952,2071,882,844,1690,890,1866,1433,1588,666,902,1406,784,1812,603,1326,1307,1311,2141,1041,1238
4/27/2008,845,1208,1674,953,494,482,2222,812,724,1268,887,852,675,417,815,1828,717,1524,480,684,823,863,459,769,607,963,696,810,1894,790,774,1469,856,1742,1449,1537,552,765,1198,720,1518,551,1116,1229,1087,1974,896,1107
5/4/2008,729,1098,1518,922,397,373,2084,717,682,1096,769,808,594,370,722,1584,615,1347,354,764,717,778,449,688,545,927,554,784,1783,770,639,1244,695,1611,1109,1253,480,680,1040,648,1404,476,958,1025,1088,1813,790,1009
5/11/2008,678,1027,1467,919,389,391,1932,677,581,1003,814,804,567,386,628,1468,538,1313,377,704,667,732,437,645,487,902,493,745,1651,727,590,1107,829,1434,989,1178,430,576,887,579,1427,434,847,987,1054,1672,738,929
5/18/2008,587,869,1483,798,352,433,1844,633,601,940,749,879,528,365,599,1319,473,1325,315,734,620,679,399,584,438,880,438,758,1576,745,531,1007,756,1315,851,1294,382,532,792,563,1361,432,765,1034,887,1567,645,857
5/25/2008,571,820,1437,762,323,381,1733,638,555,894,679,787,468,337,565,1229,429,1285,310,770,603,659,361,525,397,869,395,689,1512,700,559,915,655,1199,717,1190,371,512,709,576,1221,416,695,916,677,1486,595,799
6/1/2008,526,732,1431,721,306,328,1653,621,501,833,639,682,423,338,509,1206,390,1139,293,644,562,616,312,490,373,769,367,677,1402,640,536,828,574,1152,717,1104,340,472,655,537,1174,396,614,875,675,1410,583,737
6/8/2008,518,701,1346,737,301,311,1526,540,439,772,627,596,376,296,514,1172,356,1022,255,593,484,593,281,456,356,723,330,638,1272,541,449,770,565,1105,756,1036,310,455,586,478,1070,362,567,805,724,1317,564,691
6/15/2008,505,726,1251,690,285,296,1474,527,426,734,594,547,328,291,474,1157,340,1063,255,585,524,524,284,427,346,715,310,537,1190,552,472,710,548,1034,760,983,293,434,535,424,1059,340,516,807,721,1272,554,662
6/22/2008,477,632,1246,568,264,269,1400,465,375,688,565,550,287,274,488,1146,306,1039,272,602,494,506,270,405,326,665,287,545,1157,535,471,654,447,1001,659,1103,270,402,506,428,969,307,471,771,626,1221,509,621
6/29/2008,461,592,1243,564,229,270,1354,510,390,657,600,538,277,262,474,1088,290,999,213,535,499,509,284,386,329,637,274,506,1106,475,424,616,422,975,565,1023,256,384,458,414,982,278,443,692,594,1177,526,579
7/6/2008,446,550,1155,607,229,280,1283,535,379,627,605,531,262,262,458,1073,269,1009,266,493,462,484,279,363,319,715,255,542,1066,518,414,577,437,953,504,949,239,383,435,431,1059,273,411,758,601,1140,479,550
7/13/2008,427,532,1089,557,240,274,1247,502,429,589,477,548,248,265,449,1032,251,985,240,479,453,466,284,343,304,689,250,489,1025,523,388,520,503,911,460,1022,228,382,415,413,1009,249,382,748,548,1115,450,527
7/20/2008,404,505,1044,567,215,272,1199,465,390,564,501,570,242,264,411,957,242,958,203,494,443,452,255,328,292,639,230,466,1012,516,373,474,521,879,443,958,218,382,387,418,1011,244,361,681,550,1057,425,495
7/27/2008,405,525,988,543,209,266,1164,504,365,534,471,523,241,293,421,974,234,966,282,534,458,435,248,311,297,613,223,500,988,496,393,430,478,880,438,894,214,377,367,410,999,234,339,735,494,1009,420,470
8/3/2008,441,495,975,563,211,247,1137,496,398,518,533,487,235,304,418,948,225,1011,238,484,455,430,253,289,292,609,224,540,952,568,422,407,515,872,491,1008,213,375,340,459,969,230,315,704,505,991,453,449
8/10/2008,473,573,1020,650,205,246,1106,510,533,495,522,493,254,331,431,956,221,1042,282,512,462,430,272,282,303,593,228,562,916,563,451,372,512,890,523,996,216,375,326,495,1042,233,305,742,501,990,475,431
8/17/2008,501,725,982,622,229,269,1119,465,493,469,586,524,260,357,486,1037,225,1071,258,552,492,430,318,269,305,629,244,591,927,580,440,354,475,925,521,1019,219,379,315,530,1004,243,285,738,543,969,511,413
8/24/2008,567,785,969,681,258,283,1097,551,615,469,635,581,263,393,548,1159,238,1134,310,598,521,467,313,268,320,648,258,581,967,631,464,318,544,995,516,1065,227,418,304,583,1133,263,270,792,539,974,538,398
8/31/2008,641,1056,1077,932,314,322,1090,637,685,464,763,701,284,428,681,1174,246,1219,337,662,564,506,330,261,386,770,253,602,984,671,599,305,743,1232,609,1173,252,482,290,700,1249,277,262,1218,588,990,621,384
9/7/2008,762,1009,1220,1029,343,357,1116,653,760,496,831,841,350,477,759,1291,302,1558,356,771,594,583,475,263,471,800,299,719,1064,732,754,302,792,1416,925,1465,295,609,288,747,1380,319,257,1438,694,1086,710,366
9/14/2008,879,1134,1360,1114,446,409,1182,749,787,572,957,849,472,542,768,1272,372,1548,451,981,739,670,532,271,551,917,321,889,1180,909,773,296,895,1597,825,1609,337,752,300,749,1519,331,266,1584,840,1122,808,362
9/21/2008,955,1083,1735,1251,452,453,1268,854,835,642,1046,970,625,572,829,1503,433,1727,545,1107,905,759,525,280,557,1037,375,1082,1404,1080,932,291,943,1724,863,1598,370,894,323,827,1746,371,266,1640,961,1250,952,359
9/28/2008,973,1130,1832,1272,458,587,1352,884,894,719,1033,1110,666,536,898,1811,497,1897,624,1134,1046,806,514,304,543,1196,449,1148,1442,1090,963,302,1080,1743,992,1747,445,910,357,994,1907,391,290,1806,1098,1508,894,357
10/5/2008,1144,1244,1925,1245,464,644,1434,837,907,862,1079,1316,609,542,963,2249,538,1836,683,1248,993,912,520,326,536,1260,549,1186,1611,1231,1010,313,1084,1872,953,1855,485,1080,422,983,2053,401,333,1693,1202,1727,1039,356
10/12/2008,1194,1390,1911,1407,604,623,1561,941,1007,949,1129,1246,653,608,1001,2338,548,1986,688,1278,1145,911,665,367,555,1172,597,1328,1591,1238,1085,338,1187,2030,1035,1782,507,1244,507,981,2173,453,406,2007,1322,1760,1073,362
10/19/2008,1378,1583,2289,1514,571,874,1647,999,1195,1114,1328,1247,744,700,1211,2393,559,2092,767,1319,1195,975,723,413,583,1179,613,1384,1675,1340,1333,438,1365,2217,1267,1955,605,1184,607,1358,2412,544,501,2135,1236,1974,1268,362
10/26/2008,1542,1601,2711,1509,639,868,1878,1088,1333,1370,1395,1656,841,828,1385,2568,593,2266,727,1426,1457,1087,903,480,637,1354,672,1384,1937,1358,1501,514,1428,2817,1436,2026,668,1200,700,1505,2764,604,585,2277,1460,2032,1267,356
11/2/2008,1804,1672,2845,1617,757,930,1990,1178,1444,1497,1434,1611,894,820,1619,2856,612,2377,867,1488,1408,1448,871,543,775,1342,729,1458,1998,1490,1554,656,1580,2925,1554,2340,691,1679,741,1601,2742,680,650,2430,1344,2122,1549,390
11/9/2008,1971,2107,3331,1902,802,1230,2120,1378,1605,1782,1730,1688,898,1032,1955,3018,663,2547,917,1587,1708,1947,1068,575,838,1596,877,1603,2317,1669,1783,711,1839,3154,1742,2614,777,1787,838,1956,2990,698,728,2659,1573,2388,1806,424
11/16/2008,1936,2339,3505,1887,819,1039,2360,1407,1692,1881,1735,1563,1062,1048,1979,3294,778,2702,961,1771,1830,2101,999,611,1123,1752,945,1604,2480,1696,1719,808,1795,3371,1596,2536,943,1786,926,2045,3085,744,836,2643,1824,2447,1565,517
11/23/2008,1496,2119,3206,1530,737,808,2335,1356,1444,1826,1536,1628,1010,889,1669,2799,818,2410,802,1491,1481,1877,1046,628,1048,1626,923,1389,2629,1431,1669,840,1604,3032,1317,2307,916,1621,956,1691,2576,765,958,2344,1356,2519,1534,541
11/30/2008,1860,2279,3545,1929,921,1070,2318,1566,1602,1614,1741,1937,1120,1032,1705,3002,892,2858,1122,1777,1876,1745,1138,706,976,1679,1062,1619,2461,1724,1928,893,1856,2950,1627,2489,873,2084,1224,1782,3108,709,1050,2660,1871,2487,1841,558
12/7/2008,1752,2018,3791,1931,795,949,2242,1390,1603,1546,1666,1733,1103,1157,1537,2851,862,2622,1007,1620,1859,1778,1047,760,1007,1709,1207,1654,2430,1732,1813,899,1725,2909,1547,2382,750,1855,1220,1776,2990,715,1032,2637,1639,2563,1616,605
12/14/2008,1546,1824,3258,1745,734,924,2226,1432,1531,1650,1452,1593,969,914,1549,2762,895,2498,909,1653,1718,1795,857,764,1017,1475,1098,1732,2478,1685,1723,874,1659,2756,1419,2519,747,1676,1124,1738,2972,696,948,2514,1559,2519,1464,606
12/21/2008,1704,2020,2974,1915,792,934,2326,1421,1533,1621,1596,1892,922,956,1505,2869,983,2658,892,1894,1925,1738,1025,760,1182,1378,1080,1592,2451,1679,1688,890,1898,2868,1315,2559,732,1756,1160,1664,3360,698,939,2654,1207,2469,1724,632
12/28/2008,1748,2245,3206,2204,843,1180,2412,1498,1457,1528,1637,1639,990,988,1567,2887,1170,2753,1057,1877,2097,1773,1053,737,1254,1481,1201,2012,2425,1873,1858,920,2008,3051,1275,2764,706,1659,1243,1578,3625,768,859,2626,1372,2539,1844,668
1/4/2009,1306,2162,2749,2347,873,998,2369,1346,1430,1411,1652,1501,903,813,1431,2565,1326,2770,1044,1716,1934,1492,940,724,1041,1584,1143,2192,2328,2098,1640,919,1680,2781,1292,2521,777,1358,1147,1330,3257,702,835,2567,1552,2583,1551,656
1/11/2009,1239,2046,2634,2177,740,1041,2456,1282,1238,1181,1532,1391,806,790,1398,2483,1094,2546,1085,1644,1699,1344,981,683,823,1710,1057,1805,2303,1905,1515,864,1551,2599,1559,2506,859,1310,1023,1439,3375,612,809,2419,1482,2427,1368,650
1/18/2009,1548,1948,2714,2317,955,1248,2483,1410,1401,1174,1555,1632,739,835,1380,3354,1037,2492,1207,1792,2036,1306,908,629,871,1767,1083,2091,2200,2058,1487,827,1826,2664,1527,2690,857,1477,1068,1551,4520,590,833,3020,1483,2228,1430,618
1/25/2009,1901,1969,3014,2432,1035,1961,2319,1770,1644,1131,1764,1735,907,874,1420,4117,1225,2844,1483,2155,2371,1872,974,600,986,1735,1274,2550,2244,2389,1838,877,2011,2687,1904,2929,926,1914,1105,2116,5707,787,959,3403,1757,2335,1617,613
2/1/2009,2694,2076,3505,2809,1391,2929,2672,2053,2168,1210,2103,2275,1083,1206,1764,6014,2059,3223,2141,2510,2582,2301,1168,666,1098,1802,2106,3266,2561,3024,2169,928,2353,3719,2853,3465,1486,2459,1120,2517,8206,849,1303,4138,2094,2651,1816,633
2/8/2009,3523,2155,4051,2796,1502,3554,2932,2773,2899,1328,2311,2488,1320,1225,2007,7349,3453,3713,2748,2667,3073,3675,1329,830,1197,1991,2545,3807,2777,3472,2691,1171,2816,3506,3082,3974,2384,3384,1229,3066,7994,1190,1918,4652,2518,2864,2022,629
2/15/2009,3553,2770,4271,3059,1853,2990,3534,2439,2948,1671,2507,2590,1533,1537,2517,5998,3858,4227,3277,2769,3022,3393,1380,1245,1267,2044,3379,3630,3043,3374,3109,1626,3045,4038,4068,3929,2462,4216,1379,3537,6058,1254,2269,4677,2864,3276,2467,690
2/22/2009,3980,3445,4579,3001,1668,2314,3835,2185,2993,2387,2677,2701,1728,1579,3531,6118,2589,4738,2596,2400,2897,4509,1638,1542,1322,1978,2713,3100,3453,2781,3627,1971,3086,4752,4297,3960,2441,5150,1766,3980,5132,1257,2334,4963,3218,4004,2846,717
3/1/2009,4140,3251,5618,2521,1548,1688,3950,2030,2752,3140,2909,2729,1990,1728,4772,4764,1847,4326,1739,2196,2570,4761,1902,1851,1683,1850,1623,2542,3505,2617,3514,2406,3031,5845,3725,3688,2004,4932,3162,4036,4153,959,2190,4129,3233,4550,2885,723
3/8/2009,3112,3051,4775,2228,1306,1188,3616,1925,2207,3561,2427,2436,2180,1257,3826,3989,1365,3383,1300,1877,2400,3242,1483,1830,1897,1870,1160,2137,3304,2224,2685,2275,2502,4853,3000,3025,1438,4464,3666,3220,3054,864,1937,3326,3277,4212,2678,795
3/15/2009,2299,2556,4020,2249,1244,1076,2999,1573,1654,4036,2339,2010,2199,1126,2781,3299,982,2774,1055,1804,1926,2345,1068,1604,2001,1857,923,1748,2996,1900,2255,2109,2053,3673,2698,2748,1071,2793,4234,2487,2427,1014,1626,2773,3632,3722,2586,917
3/22/2009,1801,2109,3385,1863,897,956,2583,1265,1408,3511,1953,1733,1541,896,2054,2794,873,2465,986,1628,1749,1771,987,1442,1570,1634,941,1615,2722,1709,1954,1669,1746,3040,2277,2303,905,2281,3980,1653,2212,920,1403,2553,3026,3203,2333,927
3/29/2009,1407,2146,2679,1720,694,658,2300,1024,1104,2504,1570,1550,1085,706,1395,2431,840,1955,754,1314,1438,1463,815,1271,1472,1316,800,1204,2363,1364,1651,1467,1441,2420,1857,1946,872,1569,2814,1355,2050,955,1144,2099,2293,2826,1708,898
4/5/2009,1124,1955,2114,1643,582,577,2035,909,950,1867,1216,1343,946,596,1048,2198,803,1670,679,1262,1105,1210,717,1118,1249,1311,721,1036,2008,1129,1216,1210,1236,1930,1240,1779,765,1103,2322,1221,1655,792,883,1817,1871,2371,1343,870
4/12/2009,1068,1866,2008,1549,535,511,1874,820,827,1535,1241,1201,963,548,1001,1955,695,1706,575,1163,1119,1039,678,999,1050,1280,670,1012,1856,1030,1101,1036,1074,1757,1290,1636,654,956,1772,1069,1755,674,737,1714,1382,2062,1209,802
4/19/2009,1072,2101,1892,1673,676,530,1700,921,885,1350,1294,1214,777,547,994,1816,623,1846,646,1189,1070,979,672,850,821,1391,627,978,1852,1035,1065,891,1105,1939,1399,1671,578,927,1423,1082,2048,614,694,1672,1491,1842,1088,746
4/26/2009,2884,6713,5423,5056,2070,2224,2106,2749,2116,2593,3581,3025,1753,1496,2432,6527,1623,3685,2238,2866,3191,1244,1677,1062,1645,5111,2078,3330,4013,3084,2982,962,2643,4502,4550,3487,1511,2254,1452,2438,4878,1779,743,3445,5636,2113,3341,816
5/3/2009,1735,3659,3675,2544,1133,1073,2548,1507,1513,3011,2131,2044,1241,1020,1841,4105,1562,2818,1250,1707,1708,1321,967,1101,1378,2927,1847,1505,3759,1808,1763,916,1608,2930,2358,2444,1560,1500,1397,1822,3341,1283,824,2607,3376,2557,2511,795
5/10/2009,1213,2618,2729,2173,819,865,2993,1220,1126,2374,1724,1271,806,817,1263,2520,1059,2244,955,1630,1539,1224,900,1112,892,2042,1153,1455,2865,1870,1255,908,1407,2673,1556,2078,1128,1047,1193,1255,2561,851,1023,2176,2767,2573,1631,731
5/17/2009,1044,2421,2373,1791,667,1142,2781,1086,1059,1876,1789,1397,694,678,1126,2208,726,2012,1420,1645,1235,1030,728,1096,710,1660,835,2080,2315,3019,1163,862,1177,2318,1753,1947,807,893,1088,1169,2464,775,1057,2021,2559,2320,1496,681
5/24/2009,979,1908,2013,1695,593,904,2406,997,878,1551,1683,1066,603,570,999,2106,625,1922,1412,1568,1081,874,610,915,619,1521,635,2203,1978,3137,1023,823,1035,1935,1217,1802,655,799,981,926,2158,854,936,1773,2190,1991,1303,644
5/31/2009,821,1383,1771,1657,443,1265,2092,972,819,1277,1701,896,506,508,809,1727,572,1816,1487,1426,1344,753,489,738,551,1285,651,2750,1678,2960,951,815,932,1660,1207,1787,585,744,894,671,1881,1429,827,1658,1629,1770,958,624
6/7/2009,743,1425,1660,1893,452,1616,1936,994,775,1099,1757,990,428,448,745,1510,520,2005,1468,1617,1797,684,470,638,505,1173,607,3990,1539,2917,1024,783,916,1461,1166,2217,579,709,816,650,1843,1714,734,1982,1511,1578,1379,601
6/14/2009,805,1343,1548,2225,464,1664,1785,1189,801,967,1366,891,378,402,749,1464,505,2060,1372,1333,1893,644,465,557,468,1267,611,4301,1380,2536,1150,693,840,1385,1168,2262,642,643,760,710,1864,2064,628,2265,1435,1458,1221,573
6/21/2009,834,1140,1399,2164,527,1288,1679,1195,805,923,935,742,337,394,676,1475,464,2140,977,943,1322,610,458,483,465,1360,569,3366,1257,2045,1062,626,777,1394,1030,2249,739,621,652,756,1970,1566,567,2342,1324,1393,933,544
6/28/2009,739,1005,1402,2182,403,811,1614,1306,716,893,921,732,322,378,594,1398,471,2014,721,739,952,551,552,448,458,1255,507,1805,1129,1376,1071,568,765,1280,972,1791,704,680,608,725,1799,1007,512,2240,1097,1322,887,513
7/5/2009,715,857,1387,2069,492,603,1538,1319,686,866,819,718,308,404,675,1314,490,1694,597,675,796,541,423,419,498,1145,482,1077,1058,1057,828,524,761,1178,1025,1680,615,694,553,712,1515,673,461,1861,1063,1261,785,484
7/12/2009,763,819,1283,1867,411,552,1435,1413,806,821,758,799,326,379,676,1422,449,1629,470,682,732,565,403,387,495,1014,430,941,1015,926,975,471,691,1135,893,1539,545,732,490,627,1473,531,420,1655,937,1179,721,469
7/19/2009,745,812,1272,1740,434,442,1339,1545,857,787,807,854,344,407,584,1686,399,1651,398,654,722,546,436,365,487,1018,396,828,990,793,870,428,682,1142,874,1371,497,816,457,693,1793,467,367,1660,979,1172,734,447
7/26/2009,859,1030,1299,1752,424,412,1285,1725,943,826,773,766,347,440,617,1899,377,1545,439,738,771,566,584,345,477,1083,350,846,987,830,1023,404,800,1189,1012,1433,421,817,423,747,1878,435,345,1613,857,1169,743,435
8/2/2009,1090,1061,1494,1621,431,397,1228,1569,934,788,842,865,384,484,766,2293,363,1539,428,653,794,671,529,316,489,1026,321,773,963,827,1067,392,782,1290,926,1386,373,819,402,802,1919,377,322,1644,881,1167,710,410
8/9/2009,1411,1160,1958,1563,476,411,1183,1391,997,751,750,969,407,537,932,2634,334,1476,405,717,768,808,561,305,508,1053,313,873,1022,819,1045,373,814,1568,999,1399,354,862,389,1060,1854,364,307,1506,1027,1158,641,389
8/16/2009,2545,1520,2189,1628,546,392,1132,1553,1418,767,839,1143,445,601,1390,4431,315,1695,418,792,719,1656,564,295,589,959,318,847,1137,881,1113,362,897,2032,973,1503,336,1029,385,1521,1977,383,284,1642,933,1150,624,379
8/23/2009,4195,2045,3259,1970,812,493,1122,1940,2856,862,1148,1578,545,972,2024,6628,319,1798,494,834,915,3454,876,283,772,1099,358,1049,1365,1012,1573,367,1177,3685,1115,1780,325,2005,395,2551,2500,467,280,2034,1113,1166,791,383
8/30/2009,5772,2728,6581,2180,1209,852,1180,2705,4368,1224,1768,2351,1049,1583,2943,8597,385,2635,709,1277,1614,5712,1489,300,1568,1570,460,1413,2462,1393,2602,398,1683,5000,1411,2241,358,3504,440,4693,3608,641,279,2652,1508,1415,1608,393
9/6/2009,7783,3229,9178,2754,2081,1228,2002,3447,5240,2566,2373,3363,1608,1970,3681,10541,664,3441,1124,1718,2384,7081,2385,576,2153,2252,763,1868,3546,2012,3687,1004,2541,7308,2241,3178,593,5010,885,6667,5708,867,523,3413,2803,3244,2335,585
9/13/2009,6443,3940,10116,2988,2374,1632,2838,3483,4618,4281,2566,3075,1801,2216,3898,9929,1646,4537,1872,2440,3566,5741,2361,832,2220,3334,1435,2371,4142,2408,4192,1620,2764,7835,2567,3921,2253,5200,1496,6743,8518,1208,942,4158,3581,4758,2980,799
9/20/2009,5861,4823,9586,3577,3066,2154,3869,3613,4074,5429,2599,3601,1877,2278,5103,8406,1958,4814,2137,2905,4899,5365,2455,1247,2500,4269,2154,2913,6063,2936,4626,2320,3254,9650,3902,4341,2856,6228,2295,7067,10915,1583,1880,4660,4203,4452,2755,1422
9/27/2009,5295,8137,11020,4431,4045,2072,4771,3760,3953,7080,3134,4844,2416,3090,7245,8024,1780,5456,2417,3178,5013,5158,3264,1769,2982,5491,2583,3054,9610,3112,5531,3161,4176,12923,5212,4507,1858,7533,2959,6702,13458,1814,2037,5452,5084,5465,3296,2568
10/4/2009,4845,11492,11034,5736,4754,2117,5726,3592,3935,10383,3981,6932,3663,3906,8412,6738,1591,6306,2211,3410,6437,4156,3842,3164,3595,5814,2551,2905,11930,3251,5932,5491,5779,15590,8287,5297,2043,6898,5796,5776,12567,2629,2407,6216,6579,8048,3306,4078
10/11/2009,4378,13183,12024,6877,5033,2617,6707,3492,3048,15642,5262,8987,5463,5043,8586,6542,2110,7351,2659,4618,8454,3868,5217,6165,5037,4544,2754,3727,12088,3768,5960,10339,8483,15443,11328,6747,2493,5306,9324,4921,10789,4222,3442,6855,8207,8916,4606,5125
10/18/2009,4053,11269,13036,7756,4181,4087,9403,3487,4186,11873,7521,10815,6550,5520,10178,6718,2820,9110,4119,7678,9521,3993,6148,6606,5523,4933,4669,5583,9957,5444,6594,11538,11500,12202,12359,9238,5467,5986,10446,4572,8682,4433,6655,9204,9795,11598,7896,5326
10/25/2009,3649,8542,10790,7361,2565,6133,8885,3164,4026,8162,7094,7403,4406,3702,7953,5974,2934,8187,6112,8629,7527,3487,4036,4260,3602,5407,7203,7420,7350,6733,5516,7371,9259,8746,10010,9117,8667,5166,5772,4478,6933,3664,9348,9000,8713,11054,7552,4458
11/1/2009,3677,8182,8885,7687,1903,7965,7667,2862,3528,5271,6383,5809,3374,2557,6005,5789,5182,6300,7385,7230,5682,3646,2794,2927,2171,5740,10389,7704,7162,6798,4119,4442,6201,7334,8193,6955,8907,4519,3646,3901,6048,3065,7866,6860,7654,7937,5738,3336
11/8/2009,2901,5974,5970,5665,1376,6183,5738,2231,2919,3734,4670,4098,2024,1712,4431,4652,6266,4857,6130,5476,3687,3044,2010,2040,1545,4066,7430,6431,5034,5797,3272,3178,4282,4941,5555,5424,5828,3853,2451,3346,4972,2217,6590,4991,5112,6007,3914,2517
11/15/2009,2931,4655,4696,4670,1196,3756,4706,2090,2602,3075,3442,2964,1487,1238,3633,4367,5010,4026,4127,3996,2729,2575,1588,1597,1321,3534,4836,5012,4112,4523,2706,2300,3229,3914,3919,4073,3537,3128,1905,3067,4132,1629,4150,4096,3557,4796,3094,2042
11/22/2009,2315,3431,3825,3574,1006,2027,3832,1493,2128,2641,2359,2355,1056,1049,2444,3364,3235,2892,2195,2666,2005,2314,1189,1317,1179,3063,2489,3606,3738,3001,2184,1812,2128,3459,2604,2924,2334,2281,1533,2271,3323,1170,2857,3040,2613,3640,1847,1713
11/29/2009,2282,3152,3589,3457,1014,1676,3246,1598,2173,2189,2249,2252,1125,1204,2363,3697,2178,3007,1905,2247,1988,1799,1252,1101,1204,3101,1871,2958,3120,2591,2189,1468,2111,3842,2452,2893,1675,2412,1266,2315,3362,975,2053,3085,2347,3173,1918,1461
12/6/2009,1896,2599,3311,2806,819,1152,2859,1446,1765,1886,1881,1979,915,934,2025,3339,1586,2769,1304,1872,1651,1662,1147,946,961,2379,1267,2493,3045,2218,1864,1252,1812,3257,1921,2539,1344,2076,1116,1835,3145,868,1507,2666,2000,2934,1574,1269
12/13/2009,1803,2716,3274,2541,797,1045,2783,1276,1715,1898,1719,1759,755,862,1770,3289,1218,2517,1161,1619,1569,1580,982,848,859,2117,1009,2238,2892,1981,1680,1050,1584,3024,1808,2407,1225,1947,1029,1669,2976,895,1314,2465,1766,2710,1533,1096
12/20/2009,1900,2656,3378,2641,782,974,2686,1344,1832,1686,1741,1946,809,910,1727,3400,1183,2225,1084,1811,1645,1743,986,783,839,2173,985,2078,2724,1897,1777,955,1756,3032,1754,2357,1252,1809,935,2192,3181,870,1175,2348,1873,2542,1430,1026
12/27/2009,2268,2879,3540,2762,966,1198,2549,1503,1824,1775,1821,2102,868,934,2096,3938,1119,2449,1212,1873,1646,1941,1104,815,917,2594,1029,2109,2525,2033,1785,929,2067,3505,1885,2553,1110,2099,891,2200,3266,1025,1058,2505,1917,2622,1605,992
1/3/2010,1868,2473,3320,2737,862,1183,2566,1538,1807,1758,1852,1844,866,881,1797,4014,1064,2570,1275,1877,1683,1749,1069,829,949,2255,1130,2065,2646,2030,1929,863,1843,2902,2019,2568,1086,2009,852,1935,3248,960,1019,2625,1928,2861,1619,937
1/10/2010,1637,2085,2936,2221,763,1028,2620,1392,1595,1680,1573,1514,795,775,1632,3406,934,2340,992,1616,1667,1780,866,846,793,2110,1040,1985,2467,1704,1640,800,1595,2894,1701,2304,1067,1728,802,1760,2913,727,975,2309,1626,2774,1505,845
1/17/2010,1771,2072,3163,1931,780,824,2535,1358,1599,1628,1578,1563,778,916,1427,3793,963,2321,915,1505,1538,1843,912,861,729,1889,969,1767,2304,1624,1624,804,1449,2737,1818,2310,893,1967,733,1848,2955,764,942,2259,1533,2490,1398,806
1/24/2010,1703,2120,2854,2006,862,941,2496,1316,1571,1501,1612,1561,840,854,1415,3946,1002,2310,991,1525,1567,1955,867,780,786,1814,877,1669,2364,1546,1647,841,1617,2694,1670,2245,840,1736,702,1617,2832,877,950,2218,1593,2341,1564,768
1/31/2010,1753,2280,2745,2077,864,1127,2429,1223,1663,1532,1652,1736,953,1066,1586,4239,1031,2371,1037,1765,1657,1920,1014,762,866,1775,1054,1700,2553,1495,1477,846,1722,2702,1752,2366,950,1745,772,1681,2985,727,975,2253,1692,2391,1829,762
2/7/2010,2128,2192,2719,2309,886,1027,2306,1246,1769,1693,1703,1780,1007,1100,1610,4208,1039,1978,1040,1780,1592,2228,1118,842,866,2035,1064,1586,2395,1534,1544,845,1642,2496,2102,2257,1004,1769,751,1595,3023,895,1003,2041,1777,2380,1805,832
2/14/2010,2082,2086,3095,2346,869,1037,2210,1479,1786,1948,1791,1834,1006,1101,1647,5246,1034,1870,1044,1743,1530,2496,1228,825,857,2168,1165,1471,2627,1458,1640,933,1777,3183,1956,2268,1028,1794,801,1777,3156,946,1126,2140,1789,2533,1937,911
2/21/2010,2168,2154,3316,2243,886,906,2168,1363,1777,1822,1589,1663,997,1067,1672,4820,1014,1966,979,1730,1739,3281,1093,890,951,1901,1115,1364,2830,1471,1671,946,1613,3342,1967,2186,1067,1869,959,1882,3272,832,1159,2205,1888,2416,1792,898
2/28/2010,2421,2210,3331,2035,792,845,2114,1382,1786,1787,1592,1588,851,1054,1753,4142,997,2078,823,1641,1567,2958,1081,888,894,1736,963,1422,2697,1285,1622,1050,1538,3471,2130,2116,876,1810,1049,1956,3145,842,1114,2185,1779,2337,1734,966
3/7/2010,2179,1899,3671,2089,739,678,2174,1418,1599,1643,1502,1495,871,1049,1566,3658,946,2046,702,1514,1468,2921,1061,907,807,1715,911,1310,2423,1237,1516,1094,1424,2999,1958,1989,813,1770,1019,1801,2771,695,1054,2145,1708,2239,1679,979
3/14/2010,1710,1664,3215,1870,734,777,2182,1335,1502,1653,1383,1384,794,847,1349,2931,840,1841,667,1395,1318,2031,871,882,745,1563,803,1173,2297,1086,1227,1029,1300,2568,1674,1956,787,1590,911,1777,2181,604,1033,1962,1651,2228,1522,989
3/21/2010,1462,1476,2856,1591,649,604,2090,1264,1282,1570,1200,1297,798,653,1348,2482,865,1749,682,1353,1314,1500,835,822,745,1545,704,1022,2208,1104,1111,958,1302,2412,1463,1881,705,1213,896,1333,2395,546,863,1908,1517,2061,1294,946
3/28/2010,1151,1501,2399,1420,513,567,2030,1051,1087,1454,1087,1202,677,669,1099,2162,858,1753,595,1218,1154,1288,620,714,739,1434,635,1041,2018,983,966,860,1220,2200,1407,1779,591,1084,791,1036,2009,541,850,1661,1263,1990,1214,926
4/4/2010,858,1398,2042,1384,629,532,1878,966,829,1357,1055,992,636,577,942,1850,766,1543,529,1152,1170,1087,556,686,663,1439,592,889,1765,933,762,827,1031,1788,1281,1625,518,859,729,896,1896,518,773,1495,1386,1959,1134,861
4/11/2010,888,1314,1867,1260,458,485,1708,829,734,1200,898,942,558,484,743,1664,725,1526,507,915,926,895,525,620,638,1506,552,783,1597,823,791,759,864,1562,1174,1437,479,723,665,688,1739,480,686,1297,1054,1811,1000,775
4/18/2010,900,1178,1660,1171,478,384,1626,762,759,1122,873,871,482,504,714,1659,730,1627,461,969,969,800,585,611,557,1255,563,868,1485,826,830,739,786,1600,1175,1485,472,747,637,764,1645,449,637,1476,1012,1743,912,727
4/25/2010,808,1163,1611,1215,537,445,1565,796,794,1038,952,924,481,515,706,1854,681,1612,485,944,952,784,585,566,533,1105,538,901,1425,890,802,745,904,1603,1218,1558,495,812,645,775,1726,492,596,1419,1054,1637,1050,689
5/2/2010,797,1106,1503,1244,456,399,1529,685,727,1065,906,927,519,514,709,1616,595,1556,423,927,1098,751,536,561,498,1122,539,809,1450,780,775,692,839,1551,1155,1434,481,787,624,713,1640,485,564,1361,945,1596,1011,634
5/9/2010,758,1090,1481,1166,495,412,1466,691,724,1107,880,969,535,463,705,1394,546,1525,436,893,1145,739,486,536,484,1202,491,750,1394,772,726,630,855,1460,998,1401,446,726,556,648,1557,548,535,1407,1002,1500,957,582
5/16/2010,685,1167,1498,1122,435,398,1478,753,679,1112,865,944,602,446,702,1470,492,1453,400,876,890,708,472,533,475,1110,431,714,1507,773,678,598,958,1448,983,1393,447,693,543,605,1437,476,517,1384,918,1452,882,560
5/23/2010,645,917,1462,1126,447,370,1441,661,676,1090,798,772,513,442,669,1489,467,1341,390,810,848,638,442,503,476,1027,422,762,1439,687,675,585,813,1440,1017,1361,420,713,531,658,1319,414,509,1389,955,1433,785,539
5/30/2010,627,1022,1469,1134,397,377,1421,664,671,1031,757,778,444,441,659,1363,446,1465,343,766,796,600,411,473,494,1004,368,638,1320,673,596,543,732,1497,1012,1244,413,704,522,604,1319,421,478,1310,1013,1397,789,521
6/6/2010,614,888,1431,933,341,336,1355,590,554,948,659,726,402,430,635,1249,422,1284,294,709,675,577,397,429,441,911,328,595,1279,640,512,518,645,1403,917,1117,378,596,507,619,1225,387,455,1161,813,1392,749,500
6/13/2010,618,789,1317,798,321,315,1315,563,482,891,629,682,391,392,587,1195,406,1216,299,652,665,534,372,407,403,875,314,561,1211,634,527,510,585,1322,826,1075,363,514,484,581,1061,395,428,1094,766,1336,776,491
6/20/2010,609,715,1199,868,319,313,1248,525,458,805,609,696,345,363,562,1189,370,1097,294,645,559,540,355,389,390,786,304,593,1130,564,496,476,552,1209,727,1067,345,492,458,521,1068,380,428,1055,710,1300,654,466
6/27/2010,560,659,1169,858,255,276,1188,499,468,770,576,666,322,336,510,1138,355,1089,277,655,655,530,335,371,364,773,286,531,1055,562,480,440,603,1128,807,1056,316,486,434,475,992,362,408,1127,645,1266,681,441
7/4/2010,516,671,1116,875,274,250,1138,489,433,728,558,798,328,333,499,1115,335,1087,268,612,614,515,324,357,379,668,263,529,1020,611,486,428,562,1147,725,1034,316,451,408,435,1037,329,381,1026,666,1217,662,417
7/11/2010,555,695,1066,766,274,230,1113,544,451,707,583,688,310,315,454,1087,294,1144,252,584,651,494,347,342,376,634,252,560,1005,569,434,419,634,1142,663,1037,303,460,385,471,1020,317,354,1025,583,1164,708,395
7/18/2010,523,679,1003,726,249,253,1055,522,461,656,546,618,318,315,480,1100,274,1093,233,622,629,503,338,332,369,627,253,505,972,635,470,403,595,1163,657,1019,292,470,370,483,1036,313,327,966,621,1141,634,382
7/25/2010,482,633,1107,782,254,256,1019,521,449,632,612,591,304,302,468,1058,261,1122,274,599,588,493,345,315,371,644,268,578,951,613,415,382,550,1124,641,1016,279,443,355,464,1049,287,316,1045,593,1085,591,366
8/1/2010,447,635,1069,823,229,272,1031,502,458,604,610,646,311,312,495,1066,257,1106,259,605,606,473,328,310,356,638,252,632,915,631,415,385,621,1117,629,1058,266,399,366,486,1061,289,292,1014,579,1071,594,359
8/8/2010,448,638,1036,754,228,264,1037,489,509,579,625,736,315,304,511,1007,249,1220,257,581,615,488,305,302,351,582,257,626,944,607,464,378,659,1047,637,1073,259,412,363,463,1062,281,291,1047,609,1076,631,349
8/15/2010,508,719,1029,838,307,279,1018,519,536,554,637,744,323,283,574,1114,270,1169,300,644,720,488,347,302,371,512,274,609,948,687,496,381,645,1133,581,1085,268,425,356,527,1046,276,286,1000,546,1077,665,347
8/22/2010,661,852,1074,825,312,306,1002,578,654,562,679,799,372,321,678,1238,285,1309,266,650,679,541,423,290,377,506,273,585,991,701,505,371,707,1242,587,1181,269,513,343,627,1181,275,272,1008,574,1155,739,339
8/29/2010,812,990,1112,922,342,300,1010,650,718,588,741,963,429,381,775,1357,283,1230,292,758,742,604,458,281,456,510,267,652,1201,716,560,378,725,1355,671,1235,264,652,347,700,1323,324,280,1095,644,1221,788,345
9/5/2010,869,1165,1306,1060,364,316,1041,712,799,662,909,975,512,493,829,1540,310,1494,309,769,867,699,512,281,515,552,284,707,1343,736,796,379,888,1431,806,1415,274,722,351,736,1553,378,275,1294,804,1368,951,356
9/12/2010,909,1370,1605,1219,419,478,1115,809,768,827,1063,1074,564,498,891,1544,339,1589,411,1006,1023,783,548,298,568,815,305,771,1448,892,911,410,1066,1655,929,1633,296,850,405,886,1808,436,326,1518,1053,1841,1184,346
9/19/2010,902,1339,1665,1263,429,634,1248,858,802,962,1084,1139,621,550,908,1738,408,1727,607,1284,1316,850,676,324,566,991,370,937,1564,1237,940,458,1100,1855,950,1738,348,878,449,876,2031,491,376,1700,1197,2002,1320,347
9/26/2010,979,1209,1743,1270,419,509,1311,816,928,1137,1110,1078,638,577,997,1857,549,1742,555,1281,1391,885,660,388,660,1133,510,1046,1647,1209,957,543,1076,1983,1322,1851,429,932,511,959,2076,585,450,1803,1205,2177,1404,351
10/3/2010,1030,1372,1968,1307,484,612,1487,908,905,1197,1188,1356,738,612,1094,2029,673,1786,580,1485,1513,1008,748,407,732,1122,570,1166,1710,1292,1003,633,1303,2494,1494,2015,513,958,600,1026,2231,578,558,1811,1449,2215,1464,370
10/10/2010,1007,1449,2209,1295,508,593,1724,867,959,1329,1142,1352,727,720,1221,2066,677,1845,630,1360,1454,1077,712,500,706,1096,585,1184,1770,1363,990,692,1269,2344,1404,1956,580,1085,689,1094,2244,565,689,1848,1339,2323,1445,387
10/17/2010,1199,1532,2430,1425,558,776,1870,1073,1123,1469,1311,1547,712,748,1542,2369,644,1947,717,1406,1489,1119,822,575,743,1164,652,1275,1832,1482,1165,746,1420,2413,1480,2092,613,1236,830,1090,2387,596,711,1979,1422,2431,1509,441
10/24/2010,1309,1648,2554,1624,682,763,1900,1001,1262,1751,1278,1470,871,772,1428,2441,685,2049,699,1390,1505,1058,739,612,828,1375,771,1215,1940,1356,1263,780,1416,2669,1600,2045,699,1291,823,1264,2304,658,779,2045,1473,2407,1663,488
10/31/2010,1448,1881,2731,1704,670,796,1984,1069,1344,1743,1430,1514,961,895,1548,2524,733,2075,827,1459,1633,1283,876,617,883,1555,829,1262,2312,1411,1358,770,1440,3165,1807,2117,768,1460,813,1385,2537,865,887,2129,1392,2630,1628,543
11/7/2010,1625,2152,2781,1655,651,836,2151,1181,1638,1656,1560,1634,951,921,1549,2897,730,2145,800,1550,1638,1671,834,687,930,1499,768,1348,2445,1502,1428,843,1593,2742,1653,2191,756,1512,886,1534,2775,783,883,2303,1541,2608,1760,620
11/14/2010,1888,2154,2752,1790,767,827,2183,1266,2016,1484,1584,1722,991,859,1818,2968,766,2245,860,1643,1818,1852,1007,696,901,1518,807,1437,2433,1582,1468,885,1682,3087,1644,2183,759,1646,973,1714,2912,808,1005,2282,1614,2582,1876,705
11/21/2010,1713,1894,2638,1564,621,729,2135,1150,1987,1441,1414,1609,913,847,1511,2607,782,2000,758,1502,1481,1894,754,700,938,1591,866,1303,2320,1458,1319,854,1495,2947,1590,2044,741,1349,935,1536,2433,761,950,2030,1313,2444,1582,769
11/28/2010,1871,2292,2736,1947,837,1019,2220,1329,2176,1456,1681,1774,1044,1074,2001,2742,834,2401,878,1535,1849,1709,907,673,1037,1780,936,1728,2544,1755,1501,961,1763,3348,1713,2508,778,1556,921,1723,2863,861,916,2420,1541,2318,1851,917
12/5/2010,2301,2527,2934,1824,692,996,2218,1324,2461,1378,1568,1675,1048,1027,2195,2903,844,2373,962,1593,1757,2063,1018,685,1007,1720,953,1709,2618,1975,1490,961,1704,3027,1649,2343,880,1421,957,1782,2757,938,927,2319,1466,2267,1648,914
12/12/2010,3708,2721,2893,1980,759,1060,2223,1682,3133,1547,1558,1575,958,970,2428,3468,947,2430,982,1499,1698,3445,1078,755,998,1870,1027,1877,2626,2117,1687,912,1574,3751,1671,2494,1017,1980,970,1940,3047,1058,869,2433,1668,2291,1578,906
12/19/2010,6209,3048,3587,2066,984,1366,2414,2154,4199,1655,1962,2124,1013,1214,3295,4440,1163,2787,1125,1932,1774,5923,1200,898,1064,2121,1240,2321,2969,2662,2072,1059,2064,5282,1794,2641,1048,2470,1064,3005,3629,1487,926,2688,1769,2239,1757,858
12/26/2010,5835,3657,4407,2466,1131,1828,2699,2526,3778,1963,2269,2542,1317,1378,3794,5533,1403,3437,1459,2259,2463,5931,1624,1279,1267,2209,1514,2987,3034,3214,2564,1067,2459,5757,1857,3362,1246,2889,1200,3391,3968,1728,979,3349,1932,2467,2205,874
1/2/2011,4632,3812,4003,2836,1132,1854,3219,2568,3108,2414,2359,2389,1381,1310,3143,5125,1492,3713,1491,2199,2324,4949,1600,1442,1164,2747,1552,3154,3204,3412,2866,1267,2439,5444,2274,3452,1603,3098,1232,3206,3903,1237,1079,3539,2309,3148,2369,872
1/9/2011,3251,3566,3905,2877,1088,1529,3175,2232,2011,2369,2336,2487,1263,1209,3397,4929,1313,3542,1197,2067,2087,3235,1398,1293,1188,2587,1397,2754,2976,2823,2789,1365,2417,6200,2154,3125,1394,2622,1296,2677,4056,1299,1153,3369,2069,3342,2036,900
1/16/2011,3905,4142,5071,3106,1334,1438,3152,2422,2003,2547,2609,3599,1524,1265,3842,6739,1373,3836,1313,2293,2141,4315,1498,1206,1349,3127,1320,2946,3218,2678,3673,1380,2959,8998,2146,3323,1235,2965,1384,3461,5132,1344,1283,4046,2058,3433,2225,1019
1/23/2011,4582,4406,7178,3336,1737,1338,3381,2507,2486,3190,3308,4588,2268,1762,4231,8541,1610,3885,1529,3000,2560,4513,1780,1246,1684,3715,1275,3235,4151,2666,4786,1359,3483,11288,2304,3999,1362,4737,1860,4363,6269,1325,1583,4538,2202,3795,2606,1364
1/30/2011,4336,5034,7529,3526,1832,1443,3822,2580,2883,3580,3049,4171,2175,1738,4297,7403,2366,3706,1668,3041,2957,3822,1609,1431,1860,3163,1436,3002,4528,2450,6049,1543,3459,9615,2364,3939,1578,6674,2295,5539,6149,1378,1678,4724,2109,4193,2720,1432
2/6/2011,4012,6252,6410,3824,1894,1497,4058,2172,2935,4142,3069,4471,2405,1799,5017,7251,2365,3883,1937,3169,3132,4027,1760,1512,2298,3611,1944,3297,4793,2934,6540,1943,3924,6829,2832,4308,2085,7302,2790,5672,6122,1514,1883,4964,2624,5500,2801,1827
2/13/2011,4414,6894,6815,4082,2132,1939,4304,2255,3438,4746,3021,4109,3000,2368,5198,7697,2906,4106,2166,3661,3839,4166,1902,1808,3448,3546,2130,3230,4578,3707,6039,2508,3800,6497,2983,4317,2449,7297,3498,6001,7592,1578,2031,5090,3137,6824,3056,1907
2/20/2011,4095,5163,5613,3695,1890,1662,4288,1958,2832,4678,2769,3331,3157,2043,4120,6099,2940,3769,1955,3497,3842,3240,1815,2346,3476,3247,2293,2884,4562,3329,4461,3294,3389,4824,3039,4145,2156,5275,3771,4923,5612,1301,1943,4435,3099,6279,3086,2050
2/27/2011,2610,3849,4480,3463,1590,1704,4133,1500,1956,4793,2263,2921,2690,1917,3104,4460,2250,3148,1729,3016,3644,2201,1550,2415,3414,3002,2277,2557,4500,2800,2750,2065,2610,4149,3496,3604,1938,2942,3920,3448,4042,1340,1816,3567,3550,4773,3047,2046
3/6/2011,2216,4819,3891,2792,1243,1355,3611,1226,1571,4122,1997,2175,2191,1625,2290,3672,2060,2648,1328,2620,3485,1747,1427,1779,2518,2249,1645,2071,3684,1916,2043,2097,2115,3725,3130,2991,1392,2092,3221,2547,3209,988,1628,2983,3268,4226,2738,1818
3/13/2011,1603,3491,3450,2022,955,1125,3206,1105,1328,3217,1791,1780,1907,1324,1955,2919,1449,2338,1057,2166,3086,1686,1118,1509,1803,1776,1388,1670,3222,1712,1698,2822,1767,3034,2521,2640,1151,1853,2772,1890,2520,885,1393,2531,3011,3534,2315,1600
3/20/2011,1184,1836,2711,1708,804,1053,2807,1008,978,2325,1502,1575,1246,924,1311,2409,1167,2140,978,1940,2419,1351,786,1513,1357,1610,1142,1444,2679,1709,1277,2249,1595,2383,2019,2345,937,1247,2177,1445,2230,766,1292,2103,2534,3132,1961,1454
3/27/2011,1129,1533,2209,1533,691,878,2459,854,929,1872,1282,1478,973,747,1188,2126,998,2024,897,1687,2011,1153,768,1525,1101,1624,1012,1313,2285,1550,1125,1625,1345,2153,1794,2092,822,1185,1805,1109,1973,636,1214,2038,2041,2876,1771,1241
4/3/2011,1054,1378,1928,1312,516,807,2197,830,851,1520,1112,1180,802,603,1164,1998,930,1905,831,1481,1610,1062,564,1297,993,1370,958,1232,2174,1232,1136,1444,1244,1955,1473,1888,841,961,1605,1092,1727,523,1126,1851,1462,2590,1411,1040
4/10/2011,877,1168,1762,1299,465,634,1979,714,709,1302,914,984,701,451,969,1676,989,1595,705,1245,1364,962,469,1057,871,1193,859,1065,1860,1005,896,1160,1071,1783,1231,1777,763,786,1408,891,1603,473,1002,1620,1357,2294,1139,902
4/17/2011,797,1025,1518,1146,432,559,1830,678,692,1269,872,950,637,410,840,1544,825,1579,526,1053,1193,869,527,924,690,1101,668,838,1788,904,790,1050,1002,1616,1326,1537,700,796,1272,796,1556,499,929,1335,1283,2033,1034,808
4/24/2011,694,1196,1380,1130,450,444,1678,636,643,1236,867,971,595,467,709,1483,681,1347,489,932,1075,760,450,840,634,1066,592,732,1596,817,695,909,836,1495,1182,1508,560,697,1093,648,1386,419,801,1345,1283,1794,1057,718
5/1/2011,600,964,1339,1049,446,397,1525,632,636,1211,820,862,526,471,719,1459,597,1325,419,858,1005,716,491,749,608,1058,542,653,1504,834,661,778,934,1526,1202,1315,483,676,883,671,1380,395,678,1263,1162,1609,953,658
5/8/2011,638,934,1395,1036,389,384,1416,597,636,1109,724,873,439,435,776,1414,567,1407,432,793,839,678,401,649,515,1002,507,701,1441,756,704,694,850,1444,1151,1294,452,645,777,743,1229,456,654,1115,1058,1529,813,602
5/15/2011,594,920,1500,1039,373,314,1360,580,576,1021,726,954,391,431,710,1320,540,1215,419,786,764,631,420,595,455,927,407,675,1337,695,705,639,870,1381,1033,1224,439,602,705,689,1269,450,587,1186,982,1443,745,556
5/22/2011,536,901,1390,1012,335,326,1331,543,528,959,632,818,350,388,669,1151,549,1167,399,775,722,631,363,549,396,865,420,717,1327,663,568,618,695,1271,916,1210,416,625,615,596,1142,396,539,1273,837,1421,703,532
5/29/2011,523,800,1293,1003,379,320,1258,562,530,919,665,712,343,358,644,1101,494,1256,352,690,679,611,338,514,370,843,403,618,1246,626,571,568,697,1187,938,1146,401,611,569,538,1117,394,505,1165,1016,1435,666,501
6/5/2011,489,674,1204,900,302,328,1222,510,468,859,611,715,319,319,609,1065,443,1309,343,648,634,547,342,476,350,807,378,649,1178,614,508,529,634,1174,869,1120,373,538,523,534,1111,424,457,1103,816,1397,630,479
6/12/2011,451,655,1114,818,238,283,1182,512,405,889,535,700,303,295,571,1087,406,1089,310,654,579,524,328,432,337,799,361,555,1118,555,516,477,604,1109,783,1046,332,493,466,484,950,420,434,1018,685,1334,553,460
6/19/2011,474,684,1068,710,226,284,1134,482,351,859,498,674,297,285,526,1067,371,1070,295,596,578,478,291,415,320,718,320,507,1090,539,488,444,568,1028,718,1007,314,430,414,463,957,368,444,1030,670,1235,522,439
6/26/2011,455,545,1015,659,187,283,1129,405,363,827,499,622,278,263,507,995,349,1091,248,522,547,474,271,377,302,649,286,446,1017,500,417,425,507,945,711,997,281,404,379,435,865,323,420,918,656,1158,533,420
7/3/2011,446,493,945,619,179,230,1088,430,376,777,457,539,287,247,466,946,331,1027,250,501,628,445,270,362,295,582,279,385,967,507,363,401,507,872,624,1013,262,393,360,430,854,302,397,928,550,1115,524,410
7/10/2011,424,469,960,598,163,225,1059,432,388,678,502,446,291,234,457,861,315,1009,240,476,536,423,271,344,274,560,256,476,918,505,374,377,511,832,524,912,249,403,338,420,848,279,379,835,521,1063,522,396
7/17/2011,405,473,928,581,169,223,1030,399,405,616,469,494,277,234,423,910,306,959,240,463,501,427,271,316,270,571,235,422,898,457,352,361,456,782,474,926,235,389,321,421,829,238,349,879,507,1036,543,384
7/24/2011,376,491,890,576,208,220,993,431,357,591,455,527,268,230,411,880,295,974,233,498,536,432,266,300,277,530,226,446,859,441,388,346,454,715,490,829,222,352,314,407,838,235,317,795,462,987,536,375
7/31/2011,364,525,848,556,189,219,978,406,364,523,469,470,272,225,363,902,272,992,214,496,536,440,272,281,276,533,210,421,840,428,368,325,492,717,437,929,214,339,294,390,804,228,300,888,509,962,488,358
8/7/2011,353,508,817,567,175,197,932,415,382,473,505,487,254,221,348,941,271,966,221,461,523,418,299,263,282,511,202,497,817,464,343,318,543,702,394,918,210,337,288,394,873,258,293,846,420,928,470,353
8/14/2011,384,613,813,582,197,186,882,427,443,455,503,559,246,220,393,961,258,943,214,480,545,430,297,249,296,478,191,396,812,487,393,314,560,738,411,867,201,350,274,454,869,260,276,868,498,919,517,339
8/21/2011,484,708,869,698,268,216,885,519,589,438,613,760,281,223,588,1102,252,883,240,538,623,443,289,242,337,558,204,431,893,480,411,310,581,883,468,959,193,382,268,550,1005,277,267,900,540,904,550,324
8/28/2011,544,843,905,734,275,210,888,550,645,433,678,894,282,245,679,1202,252,949,229,609,682,461,323,235,356,596,202,406,932,497,458,302,665,997,461,1039,199,421,267,643,1098,276,260,998,509,946,564,321
6/19/2011,474,684,1068,710,226,284,1134,482,351,859,498,674,297,285,526,1067,371,1070,295,596,578,478,291,415,320,718,320,507,1090,539,488,444,568,1028,718,1007,314,430,414,463,957,368,444,1030,670,1235,522,439
6/26/2011,455,545,1015,659,187,283,1129,405,363,827,499,622,278,263,507,995,349,1091,248,522,547,474,271,377,302,649,286,446,1017,500,417,425,507,945,711,997,281,404,379,435,865,323,420,918,656,1158,533,420
7/3/2011,446,493,945,619,179,230,1088,430,376,777,457,539,287,247,466,946,331,1027,250,501,628,445,270,362,295,582,279,385,967,507,363,401,507,872,624,1013,262,393,360,430,854,302,397,928,550,1115,524,410
7/10/2011,424,469,960,598,163,225,1059,432,388,678,502,446,291,234,457,861,315,1009,240,476,536,423,271,344,274,560,256,476,918,505,374,377,511,832,524,912,249,403,338,420,848,279,379,835,521,1063,522,396
7/17/2011,405,473,928,581,169,223,1030,399,405,616,469,494,277,234,423,910,306,959,240,463,501,427,271,316,270,571,235,422,898,457,352,361,456,782,474,926,235,389,321,421,829,238,349,879,507,1036,543,384
7/24/2011,376,491,890,576,208,220,993,431,357,591,455,527,268,230,411,880,295,974,233,498,536,432,266,300,277,530,226,446,859,441,388,346,454,715,490,829,222,352,314,407,838,235,317,795,462,987,536,375
7/31/2011,364,525,848,556,189,219,978,406,364,523,469,470,272,225,363,902,272,992,214,496,536,440,272,281,276,533,210,421,840,428,368,325,492,717,437,929,214,339,294,390,804,228,300,888,509,962,488,358
8/7/2011,353,508,817,567,175,197,932,415,382,473,505,487,254,221,348,941,271,966,221,461,523,418,299,263,282,511,202,497,817,464,343,318,543,702,394,918,210,337,288,394,873,258,293,846,420,928,470,353
8/14/2011,384,613,813,582,197,186,882,427,443,455,503,559,246,220,393,961,258,943,214,480,545,430,297,249,296,478,191,396,812,487,393,314,560,738,411,867,201,350,274,454,869,260,276,868,498,919,517,339
8/21/2011,484,708,869,698,268,216,885,519,589,438,613,760,281,223,588,1102,252,883,240,538,623,443,289,242,337,558,204,431,893,480,411,310,581,883,468,959,193,382,268,550,1005,277,267,900,540,904,550,324
8/28/2011,544,843,905,734,275,210,888,550,645,433,678,894,282,245,679,1202,252,949,229,609,682,461,323,235,356,596,202,406,932,497,458,302,665,997,461,1039,199,421,267,643,1098,276,260,998,509,946,564,321
