n,State,Year,Month,Temp
1,AL,2008,1,43.7
2,AL,2008,2,49.4866666666667
3,AL,2008,3,55.4866666666667
4,AL,2008,4,63.02
5,AL,2008,5,70.4933333333333
6,AL,2008,6,79.0466666666667
7,AL,2008,7,80.32
8,AL,2008,8,78.6266666666667
9,AL,2008,9,74.5866666666667
10,AL,2008,10,62.5933333333333
11,AL,2008,11,51.3533333333333
12,AL,2008,12,49.82
13,AL,2009,1,45.6866666666667
14,AL,2009,2,48.44
15,AL,2009,3,57.74
16,AL,2009,4,61.7133333333333
17,AL,2009,5,71.2933333333333
18,AL,2009,6,79.82
19,AL,2009,7,78.4133333333333
20,AL,2009,8,78.4066666666667
21,AL,2009,9,75.3133333333333
22,AL,2009,10,63.1933333333333
23,AL,2009,11,53.68
24,AL,2009,12,45.14
25,AL,2010,1,40.3866666666667
26,AL,2010,2,41.08
27,AL,2010,3,51.3666666666667
28,AL,2010,4,63.96
29,AL,2010,5,73.34
30,AL,2010,6,80.84
31,AL,2010,7,82.6133333333333
32,AL,2010,8,83.1666666666667
33,AL,2010,9,76.8466666666667
34,AL,2010,10,64.24
35,AL,2010,11,55.3333333333333
36,AL,2010,12,40.58
37,AL,2011,1,41.52
38,AL,2011,2,49.7
39,AL,2011,3,57.8733333333333
40,AL,2011,4,65.7066666666667
41,AL,2011,5,69.8733333333333
42,AL,2011,6,81.3066666666667
43,AL,2011,7,81.78
44,AL,2011,8,81.8933333333333
45,AL,2011,9,72.2333333333333
46,AL,2011,10,60.9
47,AL,2011,11,55.9666666666667
48,AL,2011,12,-999.9
49,AR,2008,1,37.9466666666667
50,AR,2008,2,42.1666666666667
51,AR,2008,3,51.1
52,AR,2008,4,58.0666666666667
53,AR,2008,5,67.5533333333333
54,AR,2008,6,77.2666666666667
55,AR,2008,7,80.1266666666667
56,AR,2008,8,77.32
57,AR,2008,9,70.5466666666667
58,AR,2008,10,59.68
59,AR,2008,11,48.7533333333333
60,AR,2008,12,40.0666666666667
61,AR,2009,1,36.98
62,AR,2009,2,46.7733333333333
63,AR,2009,3,52.3
64,AR,2009,4,59.0466666666667
65,AR,2009,5,66.8133333333333
66,AR,2009,6,78.5
67,AR,2009,7,77.36
68,AR,2009,8,76.1933333333333
69,AR,2009,9,70.5066666666667
70,AR,2009,10,56.1333333333333
71,AR,2009,11,53.7533333333333
72,AR,2009,12,37.1733333333333
73,AR,2010,1,35.5066666666667
74,AR,2010,2,35.74
75,AR,2010,3,50.3533333333333
76,AR,2010,4,63.2666666666667
77,AR,2010,5,70.56
78,AR,2010,6,81.42
79,AR,2010,7,81.6
80,AR,2010,8,83.92
81,AR,2010,9,74.1533333333333
82,AR,2010,10,62.0933333333333
83,AR,2010,11,51.8466666666667
84,AR,2010,12,38
85,AR,2011,1,36.3533333333333
86,AR,2011,2,42.5866666666667
87,AR,2011,3,51.82
88,AR,2011,4,63.0733333333333
89,AR,2011,5,66.72
90,AR,2011,6,81.4466666666667
91,AR,2011,7,84.94
92,AR,2011,8,82.86
93,AR,2011,9,69.5
94,AR,2011,10,60.52
95,AR,2011,11,52.58
96,AR,2011,12,-999.9
97,AZ,2008,1,41.424
98,AZ,2008,2,46.416
99,AZ,2008,3,53.612
100,AZ,2008,4,59.548
101,AZ,2008,5,65.444
102,AZ,2008,6,78.872
103,AZ,2008,7,81.852
104,AZ,2008,8,80.648
105,AZ,2008,9,74.74
106,AZ,2008,10,64.068
107,AZ,2008,11,54.56
108,AZ,2008,12,43.896
109,AZ,2009,1,46.26
110,AZ,2009,2,47.672
111,AZ,2009,3,54.256
112,AZ,2009,4,58.868
113,AZ,2009,5,72.404
114,AZ,2009,6,74.736
115,AZ,2009,7,84.008
116,AZ,2009,8,80.944
117,AZ,2009,9,75.376
118,AZ,2009,10,60.872
119,AZ,2009,11,54.152
120,AZ,2009,12,40.512
121,AZ,2010,1,43.528
122,AZ,2010,2,46.032
123,AZ,2010,3,50.696
124,AZ,2010,4,57.576
125,AZ,2010,5,64.88
126,AZ,2010,6,77.416
127,AZ,2010,7,83.192
128,AZ,2010,8,80.668
129,AZ,2010,9,76.556
130,AZ,2010,10,64.26
131,AZ,2010,11,49.72
132,AZ,2010,12,48.06
133,AZ,2011,1,42.392
134,AZ,2011,2,43.276
135,AZ,2011,3,54.912
136,AZ,2011,4,60.948
137,AZ,2011,5,65.148
138,AZ,2011,6,77.184
139,AZ,2011,7,82.264
140,AZ,2011,8,83.752
141,AZ,2011,9,76.108
142,AZ,2011,10,64.712
143,AZ,2011,11,50.692
144,AZ,2011,12,-999.9
145,CA,2008,1,43.9833333333333
146,CA,2008,2,48.0722222222222
147,CA,2008,3,52.9740740740741
148,CA,2008,4,56.4018518518518
149,CA,2008,5,63.6222222222222
150,CA,2008,6,70.7740740740741
151,CA,2008,7,75.2
152,CA,2008,8,75.6203703703704
153,CA,2008,9,71.0592592592593
154,CA,2008,10,62.9759259259259
155,CA,2008,11,55.4592592592593
156,CA,2008,12,44.0777777777778
157,CA,2009,1,48.3407407407407
158,CA,2009,2,48.4
159,CA,2009,3,52.3907407407407
160,CA,2009,4,57.1703703703704
161,CA,2009,5,67.0240740740741
162,CA,2009,6,68.5203703703704
163,CA,2009,7,75.9074074074074
164,CA,2009,8,74.3537037037037
165,CA,2009,9,72.9925925925926
166,CA,2009,10,60.1537037037037
167,CA,2009,11,52.5481481481482
168,CA,2009,12,44.4851851851852
169,CA,2010,1,47.75
170,CA,2010,2,50.1925925925926
171,CA,2010,3,52.3055555555556
172,CA,2010,4,53.8481481481482
173,CA,2010,5,59.2907407407407
174,CA,2010,6,69.537037037037
175,CA,2010,7,74.3925925925926
176,CA,2010,8,72.637037037037
177,CA,2010,9,70.2666666666667
178,CA,2010,10,62.5055555555556
179,CA,2010,11,51.5
180,CA,2010,12,48.3314814814815
181,CA,2011,1,46.837037037037
182,CA,2011,2,46.5740740740741
183,CA,2011,3,51.4388888888889
184,CA,2011,4,56.3018518518519
185,CA,2011,5,59.5944444444444
186,CA,2011,6,67.1777777777778
187,CA,2011,7,73.5703703703704
188,CA,2011,8,73.8722222222222
189,CA,2011,9,72.0759259259259
190,CA,2011,10,62.4111111111111
191,CA,2011,11,-27.3111111111111
192,CA,2011,12,-999.9
193,CO,2008,1,20.7583333333333
194,CO,2008,2,27.7166666666667
195,CO,2008,3,35.7833333333333
196,CO,2008,4,43.2625
197,CO,2008,5,53.6791666666667
198,CO,2008,6,63.9375
199,CO,2008,7,70.925
200,CO,2008,8,67.2375
201,CO,2008,9,59.0375
202,CO,2008,10,48.7791666666667
203,CO,2008,11,39.275
204,CO,2008,12,25.7583333333333
205,CO,2009,1,27.0791666666667
206,CO,2009,2,32.7458333333333
207,CO,2009,3,38.7833333333333
208,CO,2009,4,44.0833333333333
209,CO,2009,5,56.5583333333333
210,CO,2009,6,61.8833333333333
211,CO,2009,7,68.5041666666667
212,CO,2009,8,66.0291666666667
213,CO,2009,9,58.8208333333333
214,CO,2009,10,42.1291666666667
215,CO,2009,11,38.3125
216,CO,2009,12,20.1625
217,CO,2010,1,25.0125
218,CO,2010,2,24.75
219,CO,2010,3,36.2541666666667
220,CO,2010,4,46.0166666666667
221,CO,2010,5,52.4708333333333
222,CO,2010,6,65.8166666666667
223,CO,2010,7,70.2
224,CO,2010,8,68.3875
225,CO,2010,9,62.5125
226,CO,2010,10,50.425
227,CO,2010,11,35.2083333333333
228,CO,2010,12,31.1958333333333
229,CO,2011,1,23.4583333333333
230,CO,2011,2,25
231,CO,2011,3,39.3791666666667
232,CO,2011,4,45.6625
233,CO,2011,5,51.7708333333333
234,CO,2011,6,65.2416666666667
235,CO,2011,7,71.975
236,CO,2011,8,71.1125
237,CO,2011,9,59.9916666666667
238,CO,2011,10,48.9875
239,CO,2011,11,36.3583333333333
240,CO,2011,12,-999.9
241,CT,2008,1,30.4
242,CT,2008,2,30.4
243,CT,2008,3,37.075
244,CT,2008,4,49.95
245,CT,2008,5,54.725
246,CT,2008,6,68.425
247,CT,2008,7,73.1
248,CT,2008,8,67.825
249,CT,2008,9,63.775
250,CT,2008,10,50.5
251,CT,2008,11,41.25
252,CT,2008,12,32.875
253,CT,2009,1,21.25
254,CT,2009,2,30.3
255,CT,2009,3,37.025
256,CT,2009,4,49.6
257,CT,2009,5,57.55
258,CT,2009,6,63.775
259,CT,2009,7,68.4
260,CT,2009,8,71.425
261,CT,2009,9,61.225
262,CT,2009,10,49.475
263,CT,2009,11,46.725
264,CT,2009,12,31.225
265,CT,2010,1,27.025
266,CT,2010,2,29.325
267,CT,2010,3,42.975
268,CT,2010,4,51.9
269,CT,2010,5,60.725
270,CT,2010,6,68.725
271,CT,2010,7,74.825
272,CT,2010,8,70.475
273,CT,2010,9,65.4
274,CT,2010,10,52.875
275,CT,2010,11,41.95
276,CT,2010,12,28.175
277,CT,2011,1,23.375
278,CT,2011,2,26.875
279,CT,2011,3,36.575
280,CT,2011,4,48.575
281,CT,2011,5,59.35
282,CT,2011,6,66.75
283,CT,2011,7,73.625
284,CT,2011,8,70.45
285,CT,2011,9,65.85
286,CT,2011,10,53.2
287,CT,2011,11,45.925
288,CT,2011,12,-999.9
289,DE,2008,1,36.04
290,DE,2008,2,37.88
291,DE,2008,3,44.88
292,DE,2008,4,54.9
293,DE,2008,5,60
294,DE,2008,6,74.98
295,DE,2008,7,77.26
296,DE,2008,8,73.14
297,DE,2008,9,69.14
298,DE,2008,10,55.44
299,DE,2008,11,44.9
300,DE,2008,12,39.6
301,DE,2009,1,29.66
302,DE,2009,2,37.48
303,DE,2009,3,43
304,DE,2009,4,54.06
305,DE,2009,5,63.5
306,DE,2009,6,70.28
307,DE,2009,7,74.02
308,DE,2009,8,76.64
309,DE,2009,9,66.44
310,DE,2009,10,55.64
311,DE,2009,11,50.24
312,DE,2009,12,36.12
313,DE,2010,1,32.6
314,DE,2010,2,30.56
315,DE,2010,3,48.12
316,DE,2010,4,57.18
317,DE,2010,5,66.12
318,DE,2010,6,76.86
319,DE,2010,7,79.84
320,DE,2010,8,76.88
321,DE,2010,9,71.28
322,DE,2010,10,57.94
323,DE,2010,11,46.64
324,DE,2010,12,31.62
325,DE,2011,1,29.6
326,DE,2011,2,37.86
327,DE,2011,3,43.42
328,DE,2011,4,56.82
329,DE,2011,5,66.28
330,DE,2011,6,74.44
331,DE,2011,7,80.48
332,DE,2011,8,75.1
333,DE,2011,9,69.9
334,DE,2011,10,57.56
335,DE,2011,11,50.14
336,DE,2011,12,-999.9
337,FL,2008,1,59.5909090909091
338,FL,2008,2,64.0363636363636
339,FL,2008,3,65.8090909090909
340,FL,2008,4,70.1409090909091
341,FL,2008,5,76.7954545454545
342,FL,2008,6,81.2136363636364
343,FL,2008,7,81.3636363636364
344,FL,2008,8,81.8227272727273
345,FL,2008,9,80.3045454545454
346,FL,2008,10,72.5954545454545
347,FL,2008,11,62.5
348,FL,2008,12,63.0818181818182
349,FL,2009,1,58.4318181818182
350,FL,2009,2,58.5590909090909
351,FL,2009,3,66.1681818181818
352,FL,2009,4,70.5681818181818
353,FL,2009,5,77.0318181818182
354,FL,2009,6,82.4681818181818
355,FL,2009,7,82.1727272727273
356,FL,2009,8,82.6636363636364
357,FL,2009,9,81.1272727272727
358,FL,2009,10,76.0272727272727
359,FL,2009,11,67.1227272727273
360,FL,2009,12,61.5818181818182
361,FL,2010,1,53.5454545454545
362,FL,2010,2,53.5681818181818
363,FL,2010,3,59.7272727272727
364,FL,2010,4,70.3818181818182
365,FL,2010,5,78.7818181818182
366,FL,2010,6,83.5727272727273
367,FL,2010,7,83.5863636363636
368,FL,2010,8,83.5954545454545
369,FL,2010,9,81.1863636363636
370,FL,2010,10,72.7954545454545
371,FL,2010,11,65.9363636363636
372,FL,2010,12,51.4090909090909
373,FL,2011,1,56.0818181818182
374,FL,2011,2,62.5
375,FL,2011,3,67.0227272727273
376,FL,2011,4,73.3681818181818
377,FL,2011,5,76.4636363636364
378,FL,2011,6,82.15
379,FL,2011,7,82.6636363636364
380,FL,2011,8,83.7590909090909
381,FL,2011,9,79.9590909090909
382,FL,2011,10,71.2
383,FL,2011,11,67.2045454545455
384,FL,2011,12,-999.9
385,GA,2008,1,45.2217391304348
386,GA,2008,2,51.1521739130435
387,GA,2008,3,55.6347826086957
388,GA,2008,4,62.8434782608696
389,GA,2008,5,70.5478260869565
390,GA,2008,6,79.6304347826087
391,GA,2008,7,80.0695652173913
392,GA,2008,8,79.1826086956522
393,GA,2008,9,74.6347826086956
394,GA,2008,10,62.695652173913
395,GA,2008,11,51.6304347826087
396,GA,2008,12,52.0347826086957
397,GA,2009,1,46.5826086956522
398,GA,2009,2,47.8608695652174
399,GA,2009,3,56.4913043478261
400,GA,2009,4,61.9608695652174
401,GA,2009,5,71.6
402,GA,2009,6,79.9695652173913
403,GA,2009,7,78.895652173913
404,GA,2009,8,79.2391304347826
405,GA,2009,9,74.7086956521739
406,GA,2009,10,64.2869565217391
407,GA,2009,11,56.1173913043478
408,GA,2009,12,46.6826086956522
409,GA,2010,1,42.0869565217391
410,GA,2010,2,42.5434782608696
411,GA,2010,3,52.3913043478261
412,GA,2010,4,64.6826086956522
413,GA,2010,5,73.5913043478261
414,GA,2010,6,81
415,GA,2010,7,82.4260869565217
416,GA,2010,8,82.3608695652174
417,GA,2010,9,76.6347826086956
418,GA,2010,10,65.0565217391304
419,GA,2010,11,55.2086956521739
420,GA,2010,12,40.3304347826087
421,GA,2011,1,42.3434782608696
422,GA,2011,2,51.5260869565217
423,GA,2011,3,58.4
424,GA,2011,4,66.3086956521739
425,GA,2011,5,71.7913043478261
426,GA,2011,6,81.6217391304348
427,GA,2011,7,82.3173913043478
428,GA,2011,8,82.5173913043478
429,GA,2011,9,74.0086956521739
430,GA,2011,10,61.9739130434783
431,GA,2011,11,56.5913043478261
432,GA,2011,12,-999.9
433,IA,2008,1,16.2521739130435
434,IA,2008,2,16.7434782608696
435,IA,2008,3,32.4695652173913
436,IA,2008,4,45.8695652173913
437,IA,2008,5,57.1739130434783
438,IA,2008,6,69.2
439,IA,2008,7,72.695652173913
440,IA,2008,8,69.704347826087
441,IA,2008,9,63.5
442,IA,2008,10,50.5826086956522
443,IA,2008,11,37.0565217391304
444,IA,2008,12,17.2695652173913
445,IA,2009,1,12.9478260869565
446,IA,2009,2,26.5782608695652
447,IA,2009,3,37.0086956521739
448,IA,2009,4,46.9130434782609
449,IA,2009,5,59.5695652173913
450,IA,2009,6,68.7086956521739
451,IA,2009,7,67.795652173913
452,IA,2009,8,68.1434782608696
453,IA,2009,9,63.1695652173913
454,IA,2009,10,44.8217391304348
455,IA,2009,11,43.5869565217391
456,IA,2009,12,19.704347826087
457,IA,2010,1,13.2173913043478
458,IA,2010,2,16.9695652173913
459,IA,2010,3,38.3652173913043
460,IA,2010,4,55.0913043478261
461,IA,2010,5,59.7739130434783
462,IA,2010,6,70.5521739130435
463,IA,2010,7,74.304347826087
464,IA,2010,8,74.0826086956522
465,IA,2010,9,62.7652173913043
466,IA,2010,10,53.6304347826087
467,IA,2010,11,37.6869565217391
468,IA,2010,12,18.5782608695652
469,IA,2011,1,14.4086956521739
470,IA,2011,2,22.2478260869565
471,IA,2011,3,34.5478260869565
472,IA,2011,4,47.2782608695652
473,IA,2011,5,58.8782608695652
474,IA,2011,6,69.2913043478261
475,IA,2011,7,77.7217391304348
476,IA,2011,8,71.6739130434783
477,IA,2011,9,60.0608695652174
478,IA,2011,10,53.295652173913
479,IA,2011,11,39.2130434782609
480,IA,2011,12,-999.9
481,ID,2008,1,21.4862068965517
482,ID,2008,2,29.3275862068966
483,ID,2008,3,34.2344827586207
484,ID,2008,4,40.2103448275862
485,ID,2008,5,53.3862068965517
486,ID,2008,6,60.1827586206897
487,ID,2008,7,70.048275862069
488,ID,2008,8,68.1
489,ID,2008,9,57.7034482758621
490,ID,2008,10,46.9
491,ID,2008,11,39.3827586206897
492,ID,2008,12,24.9
493,ID,2009,1,25.9103448275862
494,ID,2009,2,29.3344827586207
495,ID,2009,3,34.6344827586207
496,ID,2009,4,44.6862068965517
497,ID,2009,5,54.5896551724138
498,ID,2009,6,60.9551724137931
499,ID,2009,7,69.6896551724138
500,ID,2009,8,67.7
501,ID,2009,9,62.751724137931
502,ID,2009,10,42.7275862068966
503,ID,2009,11,35.748275862069
504,ID,2009,12,22.1310344827586
505,ID,2010,1,29.7827586206897
506,ID,2010,2,32.0827586206897
507,ID,2010,3,38.9103448275862
508,ID,2010,4,44.3551724137931
509,ID,2010,5,48.7655172413793
510,ID,2010,6,59.5758620689655
511,ID,2010,7,67.7896551724138
512,ID,2010,8,66.6586206896552
513,ID,2010,9,58.8068965517241
514,ID,2010,10,49.9827586206897
515,ID,2010,11,33.8551724137931
516,ID,2010,12,28.3379310344828
517,ID,2011,1,25.0758620689655
518,ID,2011,2,26.6620689655172
519,ID,2011,3,36.9586206896552
520,ID,2011,4,40.8724137931034
521,ID,2011,5,49.9827586206897
522,ID,2011,6,58.3275862068965
523,ID,2011,7,67.7448275862069
524,ID,2011,8,69.5206896551724
525,ID,2011,9,61.9620689655172
526,ID,2011,10,48.151724137931
527,ID,2011,11,32.9827586206897
528,ID,2011,12,-999.9
529,IL,2008,1,27.0194444444444
530,IL,2008,2,26.1444444444444
531,IL,2008,3,39.0944444444444
532,IL,2008,4,51.4111111111111
533,IL,2008,5,59.0222222222222
534,IL,2008,6,72.9138888888889
535,IL,2008,7,74.2861111111111
536,IL,2008,8,71.6805555555556
537,IL,2008,9,66.8638888888889
538,IL,2008,10,53.9916666666667
539,IL,2008,11,41.025
540,IL,2008,12,27.1166666666667
541,IL,2009,1,20.5416666666667
542,IL,2009,2,32.5388888888889
543,IL,2009,3,43.8527777777778
544,IL,2009,4,51.575
545,IL,2009,5,62.6833333333333
546,IL,2009,6,72.75
547,IL,2009,7,70.1305555555556
548,IL,2009,8,70.5777777777778
549,IL,2009,9,65.7444444444444
550,IL,2009,10,49.95
551,IL,2009,11,47.2611111111111
552,IL,2009,12,29.2277777777778
553,IL,2010,1,21.4388888888889
554,IL,2010,2,25.6083333333333
555,IL,2010,3,43.8638888888889
556,IL,2010,4,58.7638888888889
557,IL,2010,5,64.3166666666667
558,IL,2010,6,74.8055555555556
559,IL,2010,7,77.475
560,IL,2010,8,76.5611111111111
561,IL,2010,9,67.1638888888889
562,IL,2010,10,56.3666666666667
563,IL,2010,11,43.5305555555556
564,IL,2010,12,23.8361111111111
565,IL,2011,1,22.5166666666667
566,IL,2011,2,30.2472222222222
567,IL,2011,3,41.725
568,IL,2011,4,53.3611111111111
569,IL,2011,5,62.2583333333333
570,IL,2011,6,72.7861111111111
571,IL,2011,7,79.6722222222222
572,IL,2011,8,74.5916666666667
573,IL,2011,9,63.4083333333333
574,IL,2011,10,55.05
575,IL,2011,11,45.7777777777778
576,IL,2011,12,-999.9
577,IN,2008,1,28.3722222222222
578,IN,2008,2,28.95
579,IN,2008,3,39.2638888888889
580,IN,2008,4,52.75
581,IN,2008,5,58.5
582,IN,2008,6,72.4611111111111
583,IN,2008,7,73.5194444444444
584,IN,2008,8,71.5027777777778
585,IN,2008,9,67.7055555555555
586,IN,2008,10,54.0277777777778
587,IN,2008,11,40.7666666666667
588,IN,2008,12,29.7444444444444
589,IN,2009,1,22.1083333333333
590,IN,2009,2,32.5527777777778
591,IN,2009,3,44.7083333333333
592,IN,2009,4,52.0555555555556
593,IN,2009,5,62.4333333333333
594,IN,2009,6,71.8305555555555
595,IN,2009,7,69.4916666666667
596,IN,2009,8,71.0388888888889
597,IN,2009,9,65.7861111111111
598,IN,2009,10,50.7777777777778
599,IN,2009,11,46.5277777777778
600,IN,2009,12,30.6805555555556
601,IN,2010,1,24.5083333333333
602,IN,2010,2,26.1
603,IN,2010,3,43.9916666666667
604,IN,2010,4,57.7083333333333
605,IN,2010,5,64.5583333333333
606,IN,2010,6,74.4333333333333
607,IN,2010,7,76.5777777777778
608,IN,2010,8,75.9916666666667
609,IN,2010,9,67.3972222222222
610,IN,2010,10,56.2583333333333
611,IN,2010,11,43.0277777777778
612,IN,2010,12,24.675
613,IN,2011,1,24.2333333333333
614,IN,2011,2,31.8166666666667
615,IN,2011,3,42.325
616,IN,2011,4,53.6055555555556
617,IN,2011,5,62.2277777777778
618,IN,2011,6,72.2388888888889
619,IN,2011,7,78.8305555555555
620,IN,2011,8,73.3194444444444
621,IN,2011,9,63.7333333333333
622,IN,2011,10,54.075
623,IN,2011,11,47.2555555555556
624,IN,2011,12,-999.9
625,KS,2008,1,30.4612903225806
626,KS,2008,2,32.4903225806452
627,KS,2008,3,43.8354838709677
628,KS,2008,4,51.0967741935484
629,KS,2008,5,63.4161290322581
630,KS,2008,6,74.2870967741935
631,KS,2008,7,78.7612903225806
632,KS,2008,8,75.8322580645161
633,KS,2008,9,66.7741935483871
634,KS,2008,10,55.8032258064516
635,KS,2008,11,44.9290322580645
636,KS,2008,12,30.1322580645161
637,KS,2009,1,31.0838709677419
638,KS,2009,2,40.2322580645161
639,KS,2009,3,44.9096774193548
640,KS,2009,4,52.6290322580645
641,KS,2009,5,63.6354838709677
642,KS,2009,6,75.1064516129032
643,KS,2009,7,75.8354838709677
644,KS,2009,8,74.7645161290323
645,KS,2009,9,65.6161290322581
646,KS,2009,10,49.2903225806452
647,KS,2009,11,48.3258064516129
648,KS,2009,12,27.0903225806452
649,KS,2010,1,27.3387096774194
650,KS,2010,2,30.1451612903226
651,KS,2010,3,44.5741935483871
652,KS,2010,4,58.658064516129
653,KS,2010,5,62.8548387096774
654,KS,2010,6,77.3709677419355
655,KS,2010,7,80.0096774193548
656,KS,2010,8,80.3387096774194
657,KS,2010,9,70.9548387096774
658,KS,2010,10,59.5870967741935
659,KS,2010,11,44.5838709677419
660,KS,2010,12,32.6516129032258
661,KS,2011,1,27.6870967741935
662,KS,2011,2,30.7032258064516
663,KS,2011,3,44.6838709677419
664,KS,2011,4,55.8935483870968
665,KS,2011,5,63.2129032258064
666,KS,2011,6,77.4129032258064
667,KS,2011,7,85.4935483870968
668,KS,2011,8,81.3548387096774
669,KS,2011,9,66.9322580645161
670,KS,2011,10,57.9677419354839
671,KS,2011,11,44.5612903225806
672,KS,2011,12,-999.9
673,KY,2008,1,33.1692307692308
674,KY,2008,2,37.3923076923077
675,KY,2008,3,45.1076923076923
676,KY,2008,4,55.6
677,KY,2008,5,61.4769230769231
678,KY,2008,6,74.6384615384615
679,KY,2008,7,75.2153846153846
680,KY,2008,8,73.8384615384615
681,KY,2008,9,70.9538461538462
682,KY,2008,10,56.6615384615385
683,KY,2008,11,43.2692307692308
684,KY,2008,12,36.7230769230769
685,KY,2009,1,30.0153846153846
686,KY,2009,2,38.7461538461538
687,KY,2009,3,48.0769230769231
688,KY,2009,4,55.5923076923077
689,KY,2009,5,64.8
690,KY,2009,6,73.9153846153846
691,KY,2009,7,71.7307692307692
692,KY,2009,8,73.5846153846154
693,KY,2009,9,68.8846153846154
694,KY,2009,10,53.4153846153846
695,KY,2009,11,48.8615384615385
696,KY,2009,12,35.3692307692308
697,KY,2010,1,29.8923076923077
698,KY,2010,2,30.0615384615385
699,KY,2010,3,45.8692307692308
700,KY,2010,4,59.8
701,KY,2010,5,67.2615384615385
702,KY,2010,6,77.3
703,KY,2010,7,78.1692307692308
704,KY,2010,8,78.0076923076923
705,KY,2010,9,69.7076923076923
706,KY,2010,10,57.8076923076923
707,KY,2010,11,46.6230769230769
708,KY,2010,12,28.4
709,KY,2011,1,29.4076923076923
710,KY,2011,2,38.4923076923077
711,KY,2011,3,47.4923076923077
712,KY,2011,4,57.9538461538462
713,KY,2011,5,63.7384615384615
714,KY,2011,6,73.8846153846154
715,KY,2011,7,79.3076923076923
716,KY,2011,8,75.5692307692308
717,KY,2011,9,66.0615384615385
718,KY,2011,10,54.8538461538462
719,KY,2011,11,49.5923076923077
720,KY,2011,12,-999.9
721,LA,2008,1,49.1055555555556
722,LA,2008,2,55.8666666666667
723,LA,2008,3,60.3388888888889
724,LA,2008,4,66.9111111111111
725,LA,2008,5,74.3111111111111
726,LA,2008,6,80.95
727,LA,2008,7,82.8055555555556
728,LA,2008,8,81.1277777777778
729,LA,2008,9,75.7666666666667
730,LA,2008,10,66.0611111111111
731,LA,2008,11,56.8555555555556
732,LA,2008,12,53.3944444444444
733,LA,2009,1,51.1722222222222
734,LA,2009,2,56.2111111111111
735,LA,2009,3,61.1611111111111
736,LA,2009,4,66.0611111111111
737,LA,2009,5,74.45
738,LA,2009,6,81.4444444444444
739,LA,2009,7,82.3666666666667
740,LA,2009,8,81.2388888888889
741,LA,2009,9,77.7944444444445
742,LA,2009,10,67.4777777777778
743,LA,2009,11,58.1888888888889
744,LA,2009,12,48.9055555555556
745,LA,2010,1,46.0444444444444
746,LA,2010,2,45.3222222222222
747,LA,2010,3,55.1277777777778
748,LA,2010,4,67.7444444444444
749,LA,2010,5,77.4388888888889
750,LA,2010,6,83.4388888888889
751,LA,2010,7,83.5055555555556
752,LA,2010,8,84.7
753,LA,2010,9,79.5055555555556
754,LA,2010,10,68.1388888888889
755,LA,2010,11,59.3944444444444
756,LA,2010,12,48.1111111111111
757,LA,2011,1,47.4833333333333
758,LA,2011,2,53.0111111111111
759,LA,2011,3,62.6
760,LA,2011,4,70.3888888888889
761,LA,2011,5,73.7388888888889
762,LA,2011,6,83.3333333333333
763,LA,2011,7,83.5166666666667
764,LA,2011,8,85.7277777777778
765,LA,2011,9,75.5388888888889
766,LA,2011,10,65.4833333333333
767,LA,2011,11,60
768,LA,2011,12,-999.9
769,MA,2008,1,30.5
770,MA,2008,2,30.85
771,MA,2008,3,36.6416666666667
772,MA,2008,4,49.075
773,MA,2008,5,55.45
774,MA,2008,6,68.8
775,MA,2008,7,74.1333333333333
776,MA,2008,8,68.6
777,MA,2008,9,63.5
778,MA,2008,10,50.7333333333333
779,MA,2008,11,41.6333333333333
780,MA,2008,12,33.6416666666667
781,MA,2009,1,21.925
782,MA,2009,2,30.675
783,MA,2009,3,36.7666666666667
784,MA,2009,4,49.5333333333333
785,MA,2009,5,58.3666666666667
786,MA,2009,6,63.3583333333333
787,MA,2009,7,68.9833333333333
788,MA,2009,8,72.55
789,MA,2009,9,61.0416666666667
790,MA,2009,10,49.8416666666667
791,MA,2009,11,46.625
792,MA,2009,12,30.9416666666667
793,MA,2010,1,27.7083333333333
794,MA,2010,2,30.7583333333333
795,MA,2010,3,42.4583333333333
796,MA,2010,4,51.7166666666667
797,MA,2010,5,61.3083333333333
798,MA,2010,6,69.0583333333333
799,MA,2010,7,75.4833333333333
800,MA,2010,8,71.2916666666667
801,MA,2010,9,66.2166666666667
802,MA,2010,10,53.05
803,MA,2010,11,42.275
804,MA,2010,12,29.9333333333333
805,MA,2011,1,24.225
806,MA,2011,2,27.575
807,MA,2011,3,37.4166666666667
808,MA,2011,4,48.7833333333333
809,MA,2011,5,59.2
810,MA,2011,6,66.1916666666667
811,MA,2011,7,74.2833333333333
812,MA,2011,8,71.1166666666667
813,MA,2011,9,66.1666666666667
814,MA,2011,10,54.0416666666667
815,MA,2011,11,46.8916666666667
816,MA,2011,12,-999.9
817,MD,2008,1,36.05
818,MD,2008,2,37.725
819,MD,2008,3,45.3125
820,MD,2008,4,55.9875
821,MD,2008,5,60.40625
822,MD,2008,6,74.68125
823,MD,2008,7,76.79375
824,MD,2008,8,73.01875
825,MD,2008,9,69.26875
826,MD,2008,10,55.3875
827,MD,2008,11,44.75
828,MD,2008,12,39.175
829,MD,2009,1,29.375
830,MD,2009,2,37.5875
831,MD,2009,3,43.66875
832,MD,2009,4,55.0375
833,MD,2009,5,63.86875
834,MD,2009,6,71.375
835,MD,2009,7,74.13125
836,MD,2009,8,76.68125
837,MD,2009,9,66.71875
838,MD,2009,10,55.79375
839,MD,2009,11,49.875
840,MD,2009,12,35.7
841,MD,2010,1,32.34375
842,MD,2010,2,30.86875
843,MD,2010,3,47.99375
844,MD,2010,4,58.2
845,MD,2010,5,66.33125
846,MD,2010,6,76.63125
847,MD,2010,7,79.70625
848,MD,2010,8,76.85625
849,MD,2010,9,70.7125
850,MD,2010,10,58.20625
851,MD,2010,11,46.35625
852,MD,2010,12,31.1375
853,MD,2011,1,29.93125
854,MD,2011,2,38.25
855,MD,2011,3,44.225
856,MD,2011,4,57.5375
857,MD,2011,5,66.575
858,MD,2011,6,74.5875
859,MD,2011,7,80.05625
860,MD,2011,8,75.48125
861,MD,2011,9,69.84375
862,MD,2011,10,-75.9125
863,MD,2011,11,-15.64375
864,MD,2011,12,-999.9
865,ME,2008,1,21.0916666666667
866,ME,2008,2,21.3166666666667
867,ME,2008,3,26.5
868,ME,2008,4,43.0833333333333
869,ME,2008,5,51.675
870,ME,2008,6,62.325
871,ME,2008,7,69.225
872,ME,2008,8,64.4916666666667
873,ME,2008,9,57.85
874,ME,2008,10,46.05
875,ME,2008,11,36.7916666666667
876,ME,2008,12,23.8416666666667
877,ME,2009,1,11.025
878,ME,2009,2,21.525
879,ME,2009,3,28.475
880,ME,2009,4,43.6583333333333
881,ME,2009,5,52.7166666666667
882,ME,2009,6,59.8083333333333
883,ME,2009,7,64.0916666666667
884,ME,2009,8,67.675
885,ME,2009,9,56.3083333333333
886,ME,2009,10,43.1916666666667
887,ME,2009,11,40.35
888,ME,2009,12,24.075
889,ME,2010,1,22.275
890,ME,2010,2,26.675
891,ME,2010,3,36.6083333333333
892,ME,2010,4,46.3166666666667
893,ME,2010,5,55.925
894,ME,2010,6,61.8166666666667
895,ME,2010,7,70.3083333333333
896,ME,2010,8,66.5666666666667
897,ME,2010,9,59.925
898,ME,2010,10,46.9916666666667
899,ME,2010,11,36.375
900,ME,2010,12,25.5166666666667
901,ME,2011,1,17.7916666666667
902,ME,2011,2,18.7583333333333
903,ME,2011,3,29.2416666666667
904,ME,2011,4,41
905,ME,2011,5,53.1416666666667
906,ME,2011,6,60.975
907,ME,2011,7,69.125
908,ME,2011,8,66.325
909,ME,2011,9,60.6833333333333
910,ME,2011,10,49.8083333333333
911,ME,2011,11,40.6333333333333
912,ME,2011,12,-999.9
913,MI,2008,1,23.0708333333333
914,MI,2008,2,18.4791666666667
915,MI,2008,3,27.3125
916,MI,2008,4,45.4166666666667
917,MI,2008,5,51.2
918,MI,2008,6,64.8416666666667
919,MI,2008,7,68.4
920,MI,2008,8,66.6458333333333
921,MI,2008,9,60.9083333333333
922,MI,2008,10,46.6833333333333
923,MI,2008,11,35.7708333333333
924,MI,2008,12,20.6708333333333
925,MI,2009,1,12.7583333333333
926,MI,2009,2,23.3458333333333
927,MI,2009,3,31.7041666666667
928,MI,2009,4,43.0625
929,MI,2009,5,53.7083333333333
930,MI,2009,6,62.5833333333333
931,MI,2009,7,63.5041666666667
932,MI,2009,8,65.5208333333333
933,MI,2009,9,61.0541666666667
934,MI,2009,10,44.5416666666667
935,MI,2009,11,41.25
936,MI,2009,12,23.7166666666667
937,MI,2010,1,21.3666666666667
938,MI,2010,2,23.3458333333333
939,MI,2010,3,37.4166666666667
940,MI,2010,4,49.2
941,MI,2010,5,58.1083333333333
942,MI,2010,6,65.1166666666667
943,MI,2010,7,71.45
944,MI,2010,8,70.7583333333333
945,MI,2010,9,58.4416666666667
946,MI,2010,10,50.3375
947,MI,2010,11,37.7166666666667
948,MI,2010,12,22.8833333333333
949,MI,2011,1,17.3208333333333
950,MI,2011,2,21.5166666666667
951,MI,2011,3,29.2875
952,MI,2011,4,41.8333333333333
953,MI,2011,5,54.6
954,MI,2011,6,64.2458333333333
955,MI,2011,7,72.7625
956,MI,2011,8,68.1375
957,MI,2011,9,58.65
958,MI,2011,10,49.6041666666667
959,MI,2011,11,39.9
960,MI,2011,12,-999.9
961,MN,2008,1,9.12424242424242
962,MN,2008,2,10.2848484848485
963,MN,2008,3,24.4393939393939
964,MN,2008,4,40.3636363636364
965,MN,2008,5,52.1212121212121
966,MN,2008,6,63.5121212121212
967,MN,2008,7,69.1636363636364
968,MN,2008,8,67.2242424242424
969,MN,2008,9,59.3939393939394
970,MN,2008,10,46.6878787878788
971,MN,2008,11,31.2666666666667
972,MN,2008,12,7.74848484848485
973,MN,2009,1,3.13030303030303
974,MN,2009,2,16.3333333333333
975,MN,2009,3,27.0575757575758
976,MN,2009,4,42.4787878787879
977,MN,2009,5,54.2090909090909
978,MN,2009,6,62.8939393939394
979,MN,2009,7,64.4848484848485
980,MN,2009,8,64.6393939393939
981,MN,2009,9,62.9818181818182
982,MN,2009,10,40.4333333333333
983,MN,2009,11,38.3666666666667
984,MN,2009,12,13.0060606060606
985,MN,2010,1,9.34545454545455
986,MN,2010,2,13.4727272727273
987,MN,2010,3,36.1939393939394
988,MN,2010,4,50.6333333333333
989,MN,2010,5,56.3757575757576
990,MN,2010,6,64.2818181818182
991,MN,2010,7,70.8393939393939
992,MN,2010,8,70.7424242424242
993,MN,2010,9,55.9909090909091
994,MN,2010,10,49.830303030303
995,MN,2010,11,31.2787878787879
996,MN,2010,12,12.2212121212121
997,MN,2011,1,5.99090909090909
998,MN,2011,2,14.169696969697
999,MN,2011,3,24.4848484848485
1000,MN,2011,4,42.0969696969697
1001,MN,2011,5,53.9272727272727
1002,MN,2011,6,63.9454545454546
1003,MN,2011,7,73.2545454545455
1004,MN,2011,8,68.730303030303
1005,MN,2011,9,58.0787878787879
1006,MN,2011,10,50.5030303030303
1007,MN,2011,11,33.5121212121212
1008,MN,2011,12,-999.9
1009,MO,2008,1,30.7269230769231
1010,MO,2008,2,30.7115384615385
1011,MO,2008,3,43.0038461538462
1012,MO,2008,4,52.2230769230769
1013,MO,2008,5,62.4692307692308
1014,MO,2008,6,73.6615384615385
1015,MO,2008,7,76.6307692307692
1016,MO,2008,8,74.0307692307692
1017,MO,2008,9,67.0384615384615
1018,MO,2008,10,55.8307692307692
1019,MO,2008,11,43.8423076923077
1020,MO,2008,12,30.8538461538462
1021,MO,2009,1,27.3923076923077
1022,MO,2009,2,38.3769230769231
1023,MO,2009,3,46.3576923076923
1024,MO,2009,4,53.1461538461538
1025,MO,2009,5,63.8384615384615
1026,MO,2009,6,74.5346153846154
1027,MO,2009,7,72.7192307692308
1028,MO,2009,8,72.5
1029,MO,2009,9,66.3538461538461
1030,MO,2009,10,50.5076923076923
1031,MO,2009,11,49.9
1032,MO,2009,12,30.4846153846154
1033,MO,2010,1,24.9269230769231
1034,MO,2010,2,27.9192307692308
1035,MO,2010,3,44.7423076923077
1036,MO,2010,4,60.6230769230769
1037,MO,2010,5,64.2038461538462
1038,MO,2010,6,77.0615384615385
1039,MO,2010,7,78.9653846153846
1040,MO,2010,8,78.9384615384615
1041,MO,2010,9,68.8384615384615
1042,MO,2010,10,58.4346153846154
1043,MO,2010,11,46.6653846153846
1044,MO,2010,12,29.4384615384615
1045,MO,2011,1,26.2461538461538
1046,MO,2011,2,32.4884615384615
1047,MO,2011,3,44.8307692307692
1048,MO,2011,4,56.7730769230769
1049,MO,2011,5,62.6
1050,MO,2011,6,75.6653846153846
1051,MO,2011,7,82.7115384615385
1052,MO,2011,8,77.8923076923077
1053,MO,2011,9,65.0269230769231
1054,MO,2011,10,57.5692307692308
1055,MO,2011,11,47.3692307692308
1056,MO,2011,12,-999.9
1057,MS,2008,1,43.4375
1058,MS,2008,2,49.896875
1059,MS,2008,3,56.209375
1060,MS,2008,4,63.1875
1061,MS,2008,5,71.146875
1062,MS,2008,6,79.46875
1063,MS,2008,7,81.584375
1064,MS,2008,8,78.621875
1065,MS,2008,9,74.221875
1066,MS,2008,10,62.8125
1067,MS,2008,11,52.09375
1068,MS,2008,12,48.203125
1069,MS,2009,1,45.1375
1070,MS,2009,2,50.65
1071,MS,2009,3,57.465625
1072,MS,2009,4,63.040625
1073,MS,2009,5,71.89375
1074,MS,2009,6,80.340625
1075,MS,2009,7,79.415625
1076,MS,2009,8,78.825
1077,MS,2009,9,75.940625
1078,MS,2009,10,62.696875
1079,MS,2009,11,55
1080,MS,2009,12,44.271875
1081,MS,2010,1,40.571875
1082,MS,2010,2,40.696875
1083,MS,2010,3,52.3375
1084,MS,2010,4,65.509375
1085,MS,2010,5,74.6375
1086,MS,2010,6,82.5625
1087,MS,2010,7,82.99375
1088,MS,2010,8,84.053125
1089,MS,2010,9,77.2875
1090,MS,2010,10,65.1375
1091,MS,2010,11,56.021875
1092,MS,2010,12,42.2875
1093,MS,2011,1,42.215625
1094,MS,2011,2,49.984375
1095,MS,2011,3,58.04375
1096,MS,2011,4,67.215625
1097,MS,2011,5,70.7625
1098,MS,2011,6,82.375
1099,MS,2011,7,83.034375
1100,MS,2011,8,83.1375
1101,MS,2011,9,72.68125
1102,MS,2011,10,61.56875
1103,MS,2011,11,56.4125
1104,MS,2011,12,-999.9
1105,MT,2008,1,18.2204545454545
1106,MT,2008,2,24.8727272727273
1107,MT,2008,3,32.5590909090909
1108,MT,2008,4,38.4227272727273
1109,MT,2008,5,50.8477272727273
1110,MT,2008,6,57.9659090909091
1111,MT,2008,7,67.5931818181818
1112,MT,2008,8,66.5477272727273
1113,MT,2008,9,54.3159090909091
1114,MT,2008,10,44.5363636363636
1115,MT,2008,11,36.4613636363636
1116,MT,2008,12,14.5295454545455
1117,MT,2009,1,21.3840909090909
1118,MT,2009,2,25.8022727272727
1119,MT,2009,3,29.3477272727273
1120,MT,2009,4,40.8181818181818
1121,MT,2009,5,51.8090909090909
1122,MT,2009,6,57.9727272727273
1123,MT,2009,7,65.7113636363636
1124,MT,2009,8,64.275
1125,MT,2009,9,61.3772727272727
1126,MT,2009,10,37.3363636363636
1127,MT,2009,11,35.5636363636364
1128,MT,2009,12,12.7818181818182
1129,MT,2010,1,20.7454545454545
1130,MT,2010,2,21.8545454545455
1131,MT,2010,3,36.8045454545455
1132,MT,2010,4,42.3772727272727
1133,MT,2010,5,47.3363636363636
1134,MT,2010,6,58.6909090909091
1135,MT,2010,7,65.4977272727273
1136,MT,2010,8,64.6659090909091
1137,MT,2010,9,55.1318181818182
1138,MT,2010,10,48.2204545454545
1139,MT,2010,11,27.3545454545455
1140,MT,2010,12,19.3931818181818
1141,MT,2011,1,20.0318181818182
1142,MT,2011,2,17.4045454545455
1143,MT,2011,3,29.9477272727273
1144,MT,2011,4,38.7795454545455
1145,MT,2011,5,48.3772727272727
1146,MT,2011,6,57.5795454545455
1147,MT,2011,7,67.4386363636364
1148,MT,2011,8,67.5840909090909
1149,MT,2011,9,58.9590909090909
1150,MT,2011,10,46.5681818181818
1151,MT,2011,11,30.3704545454545
1152,MT,2011,12,-999.9
1153,NC,2008,1,40.1413793103448
1154,NC,2008,2,46.0448275862069
1155,NC,2008,3,50.6068965517241
1156,NC,2008,4,58.4
1157,NC,2008,5,64.4172413793104
1158,NC,2008,6,76.7862068965517
1159,NC,2008,7,76.5137931034483
1160,NC,2008,8,75.4310344827586
1161,NC,2008,9,70.6241379310345
1162,NC,2008,10,57.5379310344828
1163,NC,2008,11,47.1034482758621
1164,NC,2008,12,45.8896551724138
1165,NC,2009,1,38.7793103448276
1166,NC,2009,2,42.6034482758621
1167,NC,2009,3,48.9655172413793
1168,NC,2009,4,58.3827586206896
1169,NC,2009,5,67.0862068965517
1170,NC,2009,6,74.8379310344828
1171,NC,2009,7,74.9862068965517
1172,NC,2009,8,77.2931034482759
1173,NC,2009,9,69.4379310344828
1174,NC,2009,10,58.6137931034483
1175,NC,2009,11,52.7655172413793
1176,NC,2009,12,40.4793103448276
1177,NC,2010,1,36.3448275862069
1178,NC,2010,2,36.5827586206897
1179,NC,2010,3,49.0379310344828
1180,NC,2010,4,60.8689655172414
1181,NC,2010,5,69.1137931034483
1182,NC,2010,6,78.548275862069
1183,NC,2010,7,79.2793103448276
1184,NC,2010,8,78.3620689655172
1185,NC,2010,9,72.9068965517241
1186,NC,2010,10,60.9034482758621
1187,NC,2010,11,49.7448275862069
1188,NC,2010,12,33.5689655172414
1189,NC,2011,1,36.2758620689655
1190,NC,2011,2,45.4137931034483
1191,NC,2011,3,50.2620689655172
1192,NC,2011,4,61.1551724137931
1193,NC,2011,5,67.1827586206897
1194,NC,2011,6,76.5448275862069
1195,NC,2011,7,79.6655172413793
1196,NC,2011,8,77.4827586206897
1197,NC,2011,9,70.7068965517241
1198,NC,2011,10,58.0103448275862
1199,NC,2011,11,51.9758620689655
1200,NC,2011,12,-999.9
1201,ND,2008,1,9.52916666666667
1202,ND,2008,2,10.6875
1203,ND,2008,3,26.7125
1204,ND,2008,4,40.1791666666667
1205,ND,2008,5,51.6125
1206,ND,2008,6,61.4958333333333
1207,ND,2008,7,69.55
1208,ND,2008,8,68.9041666666667
1209,ND,2008,9,57.325
1210,ND,2008,10,44.825
1211,ND,2008,11,29.7625
1212,ND,2008,12,5.38333333333333
1213,ND,2009,1,5.0875
1214,ND,2009,2,12.0041666666667
1215,ND,2009,3,20.7375
1216,ND,2009,4,39.3541666666667
1217,ND,2009,5,52.1416666666667
1218,ND,2009,6,61.2833333333333
1219,ND,2009,7,65.0875
1220,ND,2009,8,64.8875
1221,ND,2009,9,63.4041666666667
1222,ND,2009,10,38.3083333333333
1223,ND,2009,11,36.7458333333333
1224,ND,2009,12,8.1625
1225,ND,2010,1,9.80833333333333
1226,ND,2010,2,9.7625
1227,ND,2010,3,32.1541666666667
1228,ND,2010,4,47.8208333333333
1229,ND,2010,5,53.3791666666667
1230,ND,2010,6,63.8
1231,ND,2010,7,69.425
1232,ND,2010,8,69.4875
1233,ND,2010,9,54.8458333333333
1234,ND,2010,10,48.2458333333333
1235,ND,2010,11,27.7
1236,ND,2010,12,9.95833333333333
1237,ND,2011,1,6.20416666666667
1238,ND,2011,2,10.4125
1239,ND,2011,3,19.9833333333333
1240,ND,2011,4,39.7833333333333
1241,ND,2011,5,51.575
1242,ND,2011,6,63.1708333333333
1243,ND,2011,7,71.7208333333333
1244,ND,2011,8,68.9291666666667
1245,ND,2011,9,58.4083333333333
1246,ND,2011,10,48.7416666666667
1247,ND,2011,11,31
1248,ND,2011,12,-999.9
1249,NE,2008,1,21.3869565217391
1250,NE,2008,2,25.8913043478261
1251,NE,2008,3,37.7108695652174
1252,NE,2008,4,45.3173913043478
1253,NE,2008,5,57.6326086956522
1254,NE,2008,6,69.0130434782609
1255,NE,2008,7,75.4065217391304
1256,NE,2008,8,71.7260869565217
1257,NE,2008,9,63.0326086956522
1258,NE,2008,10,51.2173913043478
1259,NE,2008,11,39.5021739130435
1260,NE,2008,12,21.645652173913
1261,NE,2009,1,25.1086956521739
1262,NE,2009,2,32.1608695652174
1263,NE,2009,3,38.0695652173913
1264,NE,2009,4,47.2260869565217
1265,NE,2009,5,60.5130434782609
1266,NE,2009,6,68.4760869565217
1267,NE,2009,7,70.7413043478261
1268,NE,2009,8,70.0673913043478
1269,NE,2009,9,62.154347826087
1270,NE,2009,10,43.5565217391304
1271,NE,2009,11,43.0695652173913
1272,NE,2009,12,19.05
1273,NE,2010,1,20.9891304347826
1274,NE,2010,2,23.154347826087
1275,NE,2010,3,40.1978260869565
1276,NE,2010,4,53.4217391304348
1277,NE,2010,5,57.6304347826087
1278,NE,2010,6,71.254347826087
1279,NE,2010,7,75.1630434782609
1280,NE,2010,8,75.5673913043478
1281,NE,2010,9,64.6347826086956
1282,NE,2010,10,54.7847826086957
1283,NE,2010,11,37.7717391304348
1284,NE,2010,12,26.0413043478261
1285,NE,2011,1,19.8108695652174
1286,NE,2011,2,25.2086956521739
1287,NE,2011,3,38.1826086956522
1288,NE,2011,4,49.1239130434783
1289,NE,2011,5,57.95
1290,NE,2011,6,69.8065217391304
1291,NE,2011,7,78.6565217391304
1292,NE,2011,8,74.1695652173913
1293,NE,2011,9,60.9130434782609
1294,NE,2011,10,53.4673913043478
1295,NE,2011,11,38.5652173913044
1296,NE,2011,12,-999.9
1297,NH,2008,1,21.32
1298,NH,2008,2,21.98
1299,NH,2008,3,27.42
1300,NH,2008,4,44.7
1301,NH,2008,5,51.06
1302,NH,2008,6,64.54
1303,NH,2008,7,68.82
1304,NH,2008,8,64.26
1305,NH,2008,9,58.56
1306,NH,2008,10,44.52
1307,NH,2008,11,35.74
1308,NH,2008,12,24.3
1309,NH,2009,1,11.94
1310,NH,2009,2,21.42
1311,NH,2009,3,30.8
1312,NH,2009,4,45.38
1313,NH,2009,5,53.7
1314,NH,2009,6,61.22
1315,NH,2009,7,65.22
1316,NH,2009,8,67.9
1317,NH,2009,9,56.84
1318,NH,2009,10,43.92
1319,NH,2009,11,40.5
1320,NH,2009,12,23.1
1321,NH,2010,1,21.52
1322,NH,2010,2,25.28
1323,NH,2010,3,37.2
1324,NH,2010,4,47.38
1325,NH,2010,5,56.88
1326,NH,2010,6,63.66
1327,NH,2010,7,70.94
1328,NH,2010,8,66.64
1329,NH,2010,9,60.82
1330,NH,2010,10,46.68
1331,NH,2010,11,36.64
1332,NH,2010,12,23.26
1333,NH,2011,1,17
1334,NH,2011,2,18.68
1335,NH,2011,3,29.46
1336,NH,2011,4,43.1
1337,NH,2011,5,56.94
1338,NH,2011,6,63.06
1339,NH,2011,7,69.74
1340,NH,2011,8,67.3
1341,NH,2011,9,61.82
1342,NH,2011,10,49.32
1343,NH,2011,11,40.9
1344,NH,2011,12,-999.9
1345,NJ,2008,1,34.675
1346,NJ,2008,2,35.3416666666667
1347,NJ,2008,3,41.775
1348,NJ,2008,4,52.8916666666667
1349,NJ,2008,5,57.65
1350,NJ,2008,6,72.7583333333333
1351,NJ,2008,7,76.0833333333333
1352,NJ,2008,8,71.0083333333333
1353,NJ,2008,9,67.6083333333333
1354,NJ,2008,10,53.6833333333333
1355,NJ,2008,11,43.9666666666667
1356,NJ,2008,12,36.8916666666667
1357,NJ,2009,1,27.1
1358,NJ,2009,2,35.2416666666667
1359,NJ,2009,3,40.9916666666667
1360,NJ,2009,4,52.4416666666667
1361,NJ,2009,5,61.1833333333333
1362,NJ,2009,6,67.375
1363,NJ,2009,7,71.7583333333333
1364,NJ,2009,8,74.7833333333333
1365,NJ,2009,9,64.5916666666667
1366,NJ,2009,10,53.3
1367,NJ,2009,11,49.75
1368,NJ,2009,12,34.9666666666667
1369,NJ,2010,1,31.75
1370,NJ,2010,2,31.5083333333333
1371,NJ,2010,3,46.2583333333333
1372,NJ,2010,4,55.075
1373,NJ,2010,5,63.55
1374,NJ,2010,6,73.1833333333333
1375,NJ,2010,7,77.9166666666667
1376,NJ,2010,8,74.775
1377,NJ,2010,9,69.2666666666667
1378,NJ,2010,10,56.125
1379,NJ,2010,11,44.7916666666667
1380,NJ,2010,12,31.0333333333333
1381,NJ,2011,1,27.1666666666667
1382,NJ,2011,2,34.375
1383,NJ,2011,3,41.0416666666667
1384,NJ,2011,4,53.2
1385,NJ,2011,5,63.0666666666667
1386,NJ,2011,6,71.3166666666667
1387,NJ,2011,7,77.6583333333333
1388,NJ,2011,8,73.4833333333333
1389,NJ,2011,9,68.65
1390,NJ,2011,10,56.2916666666667
1391,NJ,2011,11,48.5083333333333
1392,NJ,2011,12,-999.9
1393,NM,2008,1,33.1034482758621
1394,NM,2008,2,40.1379310344828
1395,NM,2008,3,45.4413793103448
1396,NM,2008,4,52.3310344827586
1397,NM,2008,5,61.3310344827586
1398,NM,2008,6,72.6896551724138
1399,NM,2008,7,72.9344827586207
1400,NM,2008,8,71.8103448275862
1401,NM,2008,9,64.1344827586207
1402,NM,2008,10,55.4965517241379
1403,NM,2008,11,44.9896551724138
1404,NM,2008,12,37.2413793103448
1405,NM,2009,1,37.7896551724138
1406,NM,2009,2,42.0655172413793
1407,NM,2009,3,47.9172413793103
1408,NM,2009,4,52.4931034482759
1409,NM,2009,5,64.2896551724138
1410,NM,2009,6,70.0344827586207
1411,NM,2009,7,75.548275862069
1412,NM,2009,8,72.7379310344828
1413,NM,2009,9,64.5310344827586
1414,NM,2009,10,52.9758620689655
1415,NM,2009,11,45.5965517241379
1416,NM,2009,12,31.5827586206897
1417,NM,2010,1,33.9551724137931
1418,NM,2010,2,35.0034482758621
1419,NM,2010,3,43.5758620689655
1420,NM,2010,4,53.8793103448276
1421,NM,2010,5,60.3275862068965
1422,NM,2010,6,73.6448275862069
1423,NM,2010,7,74.4310344827586
1424,NM,2010,8,73.4448275862069
1425,NM,2010,9,68.9758620689655
1426,NM,2010,10,57.1758620689655
1427,NM,2010,11,42.6724137931034
1428,NM,2010,12,40.2
1429,NM,2011,1,33.9793103448276
1430,NM,2011,2,35.2793103448276
1431,NM,2011,3,49.3206896551724
1432,NM,2011,4,56.1448275862069
1433,NM,2011,5,60.2034482758621
1434,NM,2011,6,73.6103448275862
1435,NM,2011,7,77.2275862068965
1436,NM,2011,8,76.8724137931034
1437,NM,2011,9,66.7724137931035
1438,NM,2011,10,55.6793103448276
1439,NM,2011,11,43.6034482758621
1440,NM,2011,12,-999.9
1441,NV,2008,1,28.6230769230769
1442,NV,2008,2,35.8538461538462
1443,NV,2008,3,42.4769230769231
1444,NV,2008,4,47.7
1445,NV,2008,5,57.1461538461538
1446,NV,2008,6,67.8923076923077
1447,NV,2008,7,76.3153846153846
1448,NV,2008,8,74.9307692307692
1449,NV,2008,9,65.1307692307692
1450,NV,2008,10,52.6615384615385
1451,NV,2008,11,45.1461538461538
1452,NV,2008,12,30.6384615384615
1453,NV,2009,1,34.6230769230769
1454,NV,2009,2,37.1923076923077
1455,NV,2009,3,42.0923076923077
1456,NV,2009,4,47.9538461538462
1457,NV,2009,5,62.6
1458,NV,2009,6,64.8230769230769
1459,NV,2009,7,75.8230769230769
1460,NV,2009,8,71.7461538461538
1461,NV,2009,9,67.6846153846154
1462,NV,2009,10,48.9153846153846
1463,NV,2009,11,41.3076923076923
1464,NV,2009,12,25.4846153846154
1465,NV,2010,1,32.9923076923077
1466,NV,2010,2,37.5
1467,NV,2010,3,41.8923076923077
1468,NV,2010,4,45.9769230769231
1469,NV,2010,5,51.2692307692308
1470,NV,2010,6,66.9846153846154
1471,NV,2010,7,76.2461538461538
1472,NV,2010,8,71.8769230769231
1473,NV,2010,9,65.2153846153846
1474,NV,2010,10,54.4615384615385
1475,NV,2010,11,38.6153846153846
1476,NV,2010,12,36.6
1477,NV,2011,1,32.3923076923077
1478,NV,2011,2,33.6307692307692
1479,NV,2011,3,42.7076923076923
1480,NV,2011,4,46.9692307692308
1481,NV,2011,5,53.1
1482,NV,2011,6,64.7538461538462
1483,NV,2011,7,74.6076923076923
1484,NV,2011,8,74.9384615384615
1485,NV,2011,9,67.6538461538462
1486,NV,2011,10,53.5846153846154
1487,NV,2011,11,38.8615384615385
1488,NV,2011,12,-999.9
1489,NY,2008,1,27.0859649122807
1490,NY,2008,2,24.4649122807018
1491,NY,2008,3,30.4824561403509
1492,NY,2008,4,49.2614035087719
1493,NY,2008,5,52.5070175438596
1494,NY,2008,6,67.7877192982456
1495,NY,2008,7,70.3315789473684
1496,NY,2008,8,65.9157894736842
1497,NY,2008,9,61.5947368421053
1498,NY,2008,10,47.3140350877193
1499,NY,2008,11,37.559649122807
1500,NY,2008,12,27.7421052631579
1501,NY,2009,1,16.2754385964912
1502,NY,2009,2,25.8228070175439
1503,NY,2009,3,33.9964912280702
1504,NY,2009,4,46.7684210526316
1505,NY,2009,5,56.1894736842105
1506,NY,2009,6,62.8105263157895
1507,NY,2009,7,66.2350877192982
1508,NY,2009,8,68.9298245614035
1509,NY,2009,9,59.4421052631579
1510,NY,2009,10,46.7017543859649
1511,NY,2009,11,42.9263157894737
1512,NY,2009,12,26.5877192982456
1513,NY,2010,1,22.8508771929825
1514,NY,2010,2,24.6649122807018
1515,NY,2010,3,38.9894736842105
1516,NY,2010,4,50.2175438596491
1517,NY,2010,5,59.5701754385965
1518,NY,2010,6,66.3140350877193
1519,NY,2010,7,72.5245614035088
1520,NY,2010,8,69.2491228070175
1521,NY,2010,9,61.8947368421053
1522,NY,2010,10,49.5175438596491
1523,NY,2010,11,38.9035087719298
1524,NY,2010,12,24.1105263157895
1525,NY,2011,1,19.7175438596491
1526,NY,2011,2,22.7842105263158
1527,NY,2011,3,31.9070175438596
1528,NY,2011,4,45.9421052631579
1529,NY,2011,5,58.7491228070175
1530,NY,2011,6,66.3315789473684
1531,NY,2011,7,72.5719298245614
1532,NY,2011,8,68.6333333333333
1533,NY,2011,9,63.4754385964912
1534,NY,2011,10,50.580701754386
1535,NY,2011,11,44.0280701754386
1536,NY,2011,12,-999.9
1537,OH,2008,1,28.6923076923077
1538,OH,2008,2,27.2923076923077
1539,OH,2008,3,35.7038461538462
1540,OH,2008,4,52.4615384615385
1541,OH,2008,5,56.1692307692308
1542,OH,2008,6,70.4923076923077
1543,OH,2008,7,71.8807692307692
1544,OH,2008,8,69.8153846153846
1545,OH,2008,9,66.3346153846154
1546,OH,2008,10,51.2
1547,OH,2008,11,39.5115384615385
1548,OH,2008,12,30.1807692307692
1549,OH,2009,1,19.7384615384615
1550,OH,2009,2,30.3307692307692
1551,OH,2009,3,41.2461538461538
1552,OH,2009,4,50.3769230769231
1553,OH,2009,5,60.2346153846154
1554,OH,2009,6,68.1730769230769
1555,OH,2009,7,67.9307692307692
1556,OH,2009,8,70.7269230769231
1557,OH,2009,9,64.15
1558,OH,2009,10,49.3615384615385
1559,OH,2009,11,45.6307692307692
1560,OH,2009,12,29.9384615384615
1561,OH,2010,1,24.5269230769231
1562,OH,2010,2,25.1615384615385
1563,OH,2010,3,41.4423076923077
1564,OH,2010,4,54.4384615384615
1565,OH,2010,5,62.5692307692308
1566,OH,2010,6,71.8269230769231
1567,OH,2010,7,74.7423076923077
1568,OH,2010,8,73.6269230769231
1569,OH,2010,9,65.3346153846154
1570,OH,2010,10,54.3961538461538
1571,OH,2010,11,41.1807692307692
1572,OH,2010,12,24.2730769230769
1573,OH,2011,1,23.0038461538462
1574,OH,2011,2,29.1538461538462
1575,OH,2011,3,38.6923076923077
1576,OH,2011,4,51.2192307692308
1577,OH,2011,5,61.1961538461538
1578,OH,2011,6,70.0653846153846
1579,OH,2011,7,76.7923076923077
1580,OH,2011,8,71.3269230769231
1581,OH,2011,9,63.8846153846154
1582,OH,2011,10,52.3384615384615
1583,OH,2011,11,46.7346153846154
1584,OH,2011,12,-999.9
1585,OK,2008,1,38.1681818181818
1586,OK,2008,2,40.5227272727273
1587,OK,2008,3,50.4568181818182
1588,OK,2008,4,57.4227272727273
1589,OK,2008,5,68.3568181818182
1590,OK,2008,6,78.2818181818182
1591,OK,2008,7,81.6227272727273
1592,OK,2008,8,79.0431818181818
1593,OK,2008,9,70.0090909090909
1594,OK,2008,10,59.9431818181818
1595,OK,2008,11,50.1113636363636
1596,OK,2008,12,38.1613636363636
1597,OK,2009,1,37.0954545454545
1598,OK,2009,2,47.0318181818182
1599,OK,2009,3,51.8636363636364
1600,OK,2009,4,58.0318181818182
1601,OK,2009,5,65.8909090909091
1602,OK,2009,6,79.2454545454545
1603,OK,2009,7,80.9522727272727
1604,OK,2009,8,78.9954545454545
1605,OK,2009,9,69.9295454545454
1606,OK,2009,10,54.3159090909091
1607,OK,2009,11,53.25
1608,OK,2009,12,34.2636363636364
1609,OK,2010,1,34.7363636363636
1610,OK,2010,2,35.5386363636364
1611,OK,2010,3,48.8704545454545
1612,OK,2010,4,61.4363636363636
1613,OK,2010,5,67.8431818181818
1614,OK,2010,6,81.0136363636364
1615,OK,2010,7,81.8840909090909
1616,OK,2010,8,83.5159090909091
1617,OK,2010,9,74.825
1618,OK,2010,10,62.2840909090909
1619,OK,2010,11,50.3977272727273
1620,OK,2010,12,39.1068181818182
1621,OK,2011,1,34.7863636363636
1622,OK,2011,2,38.8409090909091
1623,OK,2011,3,52.1727272727273
1624,OK,2011,4,61.8545454545455
1625,OK,2011,5,67.4363636363636
1626,OK,2011,6,83.1704545454545
1627,OK,2011,7,88.9340909090909
1628,OK,2011,8,87.25
1629,OK,2011,9,71.0568181818182
1630,OK,2011,10,61.6318181818182
1631,OK,2011,11,49.5568181818182
1632,OK,2011,12,-999.9
1633,OR,2008,1,32.3725
1634,OR,2008,2,38.7475
1635,OR,2008,3,40.2875
1636,OR,2008,4,43.585
1637,OR,2008,5,54.255
1638,OR,2008,6,58.1375
1639,OR,2008,7,66.7525
1640,OR,2008,8,66.19
1641,OR,2008,9,59.5025
1642,OR,2008,10,49.81
1643,OR,2008,11,44.5875
1644,OR,2008,12,32.97
1645,OR,2009,1,35.51
1646,OR,2009,2,37.6875
1647,OR,2009,3,39.92
1648,OR,2009,4,46.1775
1649,OR,2009,5,55.065
1650,OR,2009,6,61.125
1651,OR,2009,7,68.4725
1652,OR,2009,8,66.355
1653,OR,2009,9,62.09
1654,OR,2009,10,47.6725
1655,OR,2009,11,41.1125
1656,OR,2009,12,31.03
1657,OR,2010,1,40.6975
1658,OR,2010,2,41.3075
1659,OR,2010,3,43.12
1660,OR,2010,4,45.5775
1661,OR,2010,5,50.065
1662,OR,2010,6,57.925
1663,OR,2010,7,65.8775
1664,OR,2010,8,64.8725
1665,OR,2010,9,59.91
1666,OR,2010,10,51.51
1667,OR,2010,11,40.12
1668,OR,2010,12,37.075
1669,OR,2011,1,36.7125
1670,OR,2011,2,36.1475
1671,OR,2011,3,41.9075
1672,OR,2011,4,43.33
1673,OR,2011,5,49.6725
1674,OR,2011,6,57.72
1675,OR,2011,7,63.625
1676,OR,2011,8,66.695
1677,OR,2011,9,63.0775
1678,OR,2011,10,50.8675
1679,OR,2011,11,40.05
1680,OR,2011,12,-999.9
1681,PA,2008,1,30.4083333333333
1682,PA,2008,2,28.9291666666667
1683,PA,2008,3,36.6625
1684,PA,2008,4,51.7125
1685,PA,2008,5,54.4875
1686,PA,2008,6,69.9875
1687,PA,2008,7,72.1958333333333
1688,PA,2008,8,67.95
1689,PA,2008,9,64.3708333333333
1690,PA,2008,10,49.75
1691,PA,2008,11,39.9708333333333
1692,PA,2008,12,31.7375
1693,PA,2009,1,21.5333333333333
1694,PA,2009,2,30.3833333333333
1695,PA,2009,3,38.6333333333333
1696,PA,2009,4,49.6833333333333
1697,PA,2009,5,59.175
1698,PA,2009,6,65.9
1699,PA,2009,7,67.9083333333333
1700,PA,2009,8,71.1708333333333
1701,PA,2009,9,62.35
1702,PA,2009,10,49.4625
1703,PA,2009,11,45.8208333333333
1704,PA,2009,12,29.9125
1705,PA,2010,1,26.9041666666667
1706,PA,2010,2,26.8916666666667
1707,PA,2010,3,42.8208333333333
1708,PA,2010,4,53.025
1709,PA,2010,5,61.275
1710,PA,2010,6,70.2791666666667
1711,PA,2010,7,74.4625
1712,PA,2010,8,71.8791666666667
1713,PA,2010,9,64.6041666666667
1714,PA,2010,10,52.2833333333333
1715,PA,2010,11,41.4833333333333
1716,PA,2010,12,26.6
1717,PA,2011,1,23.6166666666667
1718,PA,2011,2,29.3541666666667
1719,PA,2011,3,37.15
1720,PA,2011,4,50.3958333333333
1721,PA,2011,5,61.8791666666667
1722,PA,2011,6,69.2125
1723,PA,2011,7,75.5958333333333
1724,PA,2011,8,70.5583333333333
1725,PA,2011,9,65.4
1726,PA,2011,10,51.7375
1727,PA,2011,11,45.5333333333333
1728,PA,2011,12,-999.9
1729,RI,2008,1,33.0666666666667
1730,RI,2008,2,32.9
1731,RI,2008,3,38.7666666666667
1732,RI,2008,4,49.0333333333333
1733,RI,2008,5,54.4666666666667
1734,RI,2008,6,68.3
1735,RI,2008,7,73.7
1736,RI,2008,8,68.3666666666667
1737,RI,2008,9,64.3
1738,RI,2008,10,51.9333333333333
1739,RI,2008,11,42.9
1740,RI,2008,12,36.4
1741,RI,2009,1,24.4666666666667
1742,RI,2009,2,32.5666666666667
1743,RI,2009,3,37.7333333333333
1744,RI,2009,4,49.2
1745,RI,2009,5,57.3666666666667
1746,RI,2009,6,63.1
1747,RI,2009,7,69.5
1748,RI,2009,8,73.1333333333333
1749,RI,2009,9,61.9333333333333
1750,RI,2009,10,51.3
1751,RI,2009,11,48.3666666666667
1752,RI,2009,12,33.8
1753,RI,2010,1,29.4
1754,RI,2010,2,31.2333333333333
1755,RI,2010,3,43.2333333333333
1756,RI,2010,4,51.5666666666667
1757,RI,2010,5,60.3333333333333
1758,RI,2010,6,68.8
1759,RI,2010,7,74.9666666666667
1760,RI,2010,8,71.2
1761,RI,2010,9,65.9333333333333
1762,RI,2010,10,53.6
1763,RI,2010,11,44.1666666666667
1764,RI,2010,12,31.6333333333333
1765,RI,2011,1,26.6333333333333
1766,RI,2011,2,29.8666666666667
1767,RI,2011,3,38.5666666666667
1768,RI,2011,4,48.4333333333333
1769,RI,2011,5,58.4333333333333
1770,RI,2011,6,65.9333333333333
1771,RI,2011,7,74.1
1772,RI,2011,8,71.3666666666667
1773,RI,2011,9,66.6333333333333
1774,RI,2011,10,55.6333333333333
1775,RI,2011,11,48.2333333333333
1776,RI,2011,12,-999.9
1777,SC,2008,1,43.6172413793103
1778,SC,2008,2,50.5551724137931
1779,SC,2008,3,54.5655172413793
1780,SC,2008,4,61.5551724137931
1781,SC,2008,5,68.851724137931
1782,SC,2008,6,80.1310344827586
1783,SC,2008,7,79.8827586206897
1784,SC,2008,8,79
1785,SC,2008,9,73.5793103448276
1786,SC,2008,10,60.9586206896552
1787,SC,2008,11,50.0896551724138
1788,SC,2008,12,50.5137931034483
1789,SC,2009,1,43.8655172413793
1790,SC,2009,2,46.7620689655172
1791,SC,2009,3,53.8137931034483
1792,SC,2009,4,61.4586206896552
1793,SC,2009,5,70.6413793103448
1794,SC,2009,6,78.8896551724138
1795,SC,2009,7,78.648275862069
1796,SC,2009,8,79.8
1797,SC,2009,9,73.3379310344828
1798,SC,2009,10,61.5275862068965
1799,SC,2009,11,55.0172413793103
1800,SC,2009,12,44.2862068965517
1801,SC,2010,1,40.3206896551724
1802,SC,2010,2,40.7275862068966
1803,SC,2010,3,52.051724137931
1804,SC,2010,4,64.3896551724138
1805,SC,2010,5,72.9103448275862
1806,SC,2010,6,81.3586206896552
1807,SC,2010,7,82.2310344827586
1808,SC,2010,8,81.3551724137931
1809,SC,2010,9,76.2758620689655
1810,SC,2010,10,63.8448275862069
1811,SC,2010,11,53.3793103448276
1812,SC,2010,12,37.9448275862069
1813,SC,2011,1,40.1379310344828
1814,SC,2011,2,49.9413793103448
1815,SC,2011,3,55.3379310344828
1816,SC,2011,4,64.7275862068965
1817,SC,2011,5,71.0206896551724
1818,SC,2011,6,80.3793103448276
1819,SC,2011,7,82.6896551724138
1820,SC,2011,8,81.251724137931
1821,SC,2011,9,73.7241379310345
1822,SC,2011,10,60.748275862069
1823,SC,2011,11,54.9586206896552
1824,SC,2011,12,-999.9
1825,SD,2008,1,15.732
1826,SD,2008,2,18.108
1827,SD,2008,3,32.024
1828,SD,2008,4,42.528
1829,SD,2008,5,53.812
1830,SD,2008,6,64.676
1831,SD,2008,7,73.208
1832,SD,2008,8,71.244
1833,SD,2008,9,61.116
1834,SD,2008,10,47.576
1835,SD,2008,11,34.3
1836,SD,2008,12,14.052
1837,SD,2009,1,15.42
1838,SD,2009,2,23.404
1839,SD,2009,3,30.796
1840,SD,2009,4,43.24
1841,SD,2009,5,56.744
1842,SD,2009,6,64.232
1843,SD,2009,7,68.224
1844,SD,2009,8,67.732
1845,SD,2009,9,62.904
1846,SD,2009,10,40.248
1847,SD,2009,11,40.156
1848,SD,2009,12,13.932
1849,SD,2010,1,13.688
1850,SD,2010,2,14.124
1851,SD,2010,3,36.416
1852,SD,2010,4,50.664
1853,SD,2010,5,55.528
1854,SD,2010,6,67.104
1855,SD,2010,7,73.132
1856,SD,2010,8,74.208
1857,SD,2010,9,59.512
1858,SD,2010,10,51.708
1859,SD,2010,11,32.944
1860,SD,2010,12,17.156
1861,SD,2011,1,11.988
1862,SD,2011,2,16.212
1863,SD,2011,3,27.164
1864,SD,2011,4,43.668
1865,SD,2011,5,54.116
1866,SD,2011,6,65.6
1867,SD,2011,7,76.804
1868,SD,2011,8,71.732
1869,SD,2011,9,59.956
1870,SD,2011,10,51.624
1871,SD,2011,11,34.728
1872,SD,2011,12,-999.9
1873,TN,2008,1,36.3733333333333
1874,TN,2008,2,42.2333333333333
1875,TN,2008,3,48.7333333333333
1876,TN,2008,4,56.8533333333333
1877,TN,2008,5,64.7066666666667
1878,TN,2008,6,75.3533333333333
1879,TN,2008,7,76.8466666666667
1880,TN,2008,8,75.5066666666667
1881,TN,2008,9,71.02
1882,TN,2008,10,57.9266666666667
1883,TN,2008,11,45.04
1884,TN,2008,12,40.3133333333333
1885,TN,2009,1,35.4466666666667
1886,TN,2009,2,42.3666666666667
1887,TN,2009,3,50.34
1888,TN,2009,4,57.0333333333333
1889,TN,2009,5,66.3133333333333
1890,TN,2009,6,75.5533333333333
1891,TN,2009,7,73.7533333333333
1892,TN,2009,8,74.6533333333333
1893,TN,2009,9,70.54
1894,TN,2009,10,56.2466666666667
1895,TN,2009,11,50.48
1896,TN,2009,12,37.86
1897,TN,2010,1,32.5333333333333
1898,TN,2010,2,33.2466666666667
1899,TN,2010,3,47.1066666666667
1900,TN,2010,4,60.8133333333333
1901,TN,2010,5,68.9733333333333
1902,TN,2010,6,78.36
1903,TN,2010,7,79.62
1904,TN,2010,8,79.86
1905,TN,2010,9,71.44
1906,TN,2010,10,59.02
1907,TN,2010,11,49.6866666666667
1908,TN,2010,12,33.0533333333333
1909,TN,2011,1,33.7666666666667
1910,TN,2011,2,42.9133333333333
1911,TN,2011,3,50.2733333333333
1912,TN,2011,4,61.1266666666667
1913,TN,2011,5,65.2533333333333
1914,TN,2011,6,76.3533333333333
1915,TN,2011,7,79.7733333333333
1916,TN,2011,8,77.4533333333333
1917,TN,2011,9,67.78
1918,TN,2011,10,56.3933333333333
1919,TN,2011,11,50.8
1920,TN,2011,12,-999.9
1921,TX,2008,1,46.7020408163265
1922,TX,2008,2,54.0877551020408
1923,TX,2008,3,59.2244897959184
1924,TX,2008,4,65.8204081632653
1925,TX,2008,5,74.7612244897959
1926,TX,2008,6,83.4244897959184
1927,TX,2008,7,82.3204081632653
1928,TX,2008,8,81.4612244897959
1929,TX,2008,9,74.165306122449
1930,TX,2008,10,66.1408163265306
1931,TX,2008,11,57.730612244898
1932,TX,2008,12,48.7163265306122
1933,TX,2009,1,48.669387755102
1934,TX,2009,2,56.4734693877551
1935,TX,2009,3,60.3591836734694
1936,TX,2009,4,65.4163265306122
1937,TX,2009,5,74.0795918367347
1938,TX,2009,6,82.2673469387755
1939,TX,2009,7,84.6
1940,TX,2009,8,83.934693877551
1941,TX,2009,9,74.6530612244898
1942,TX,2009,10,64.8551020408163
1943,TX,2009,11,58.3448979591837
1944,TX,2009,12,43.6408163265306
1945,TX,2010,1,45.2
1946,TX,2010,2,44.5
1947,TX,2010,3,55.7571428571429
1948,TX,2010,4,65.5877551020408
1949,TX,2010,5,74.2897959183673
1950,TX,2010,6,82.8979591836735
1951,TX,2010,7,81.8734693877551
1952,TX,2010,8,84.7428571428571
1953,TX,2010,9,78.1163265306122
1954,TX,2010,10,67.4959183673469
1955,TX,2010,11,57.3204081632653
1956,TX,2010,12,49.8938775510204
1957,TX,2011,1,45.5265306122449
1958,TX,2011,2,49.4489795918367
1959,TX,2011,3,62.4795918367347
1960,TX,2011,4,70.5632653061224
1961,TX,2011,5,74.3469387755102
1962,TX,2011,6,85.1979591836735
1963,TX,2011,7,87.2714285714286
1964,TX,2011,8,88.4469387755102
1965,TX,2011,9,78.4122448979592
1966,TX,2011,10,67.7224489795918
1967,TX,2011,11,57.8857142857143
1968,TX,2011,12,-999.9
1969,UT,2008,1,22.79
1970,UT,2008,2,29.8
1971,UT,2008,3,38.2725
1972,UT,2008,4,45.0725
1973,UT,2008,5,54.4625
1974,UT,2008,6,66.0325
1975,UT,2008,7,75.3275
1976,UT,2008,8,72.83
1977,UT,2008,9,62.7
1978,UT,2008,10,51.03
1979,UT,2008,11,41.4475
1980,UT,2008,12,27.6
1981,UT,2009,1,28.08
1982,UT,2009,2,33.72
1983,UT,2009,3,40.655
1984,UT,2009,4,47.1975
1985,UT,2009,5,60.0575
1986,UT,2009,6,63.8925
1987,UT,2009,7,74.955
1988,UT,2009,8,70.88
1989,UT,2009,9,65.6075
1990,UT,2009,10,46.9725
1991,UT,2009,11,39.335
1992,UT,2009,12,20.885
1993,UT,2010,1,25.695
1994,UT,2010,2,30.245
1995,UT,2010,3,39.63
1996,UT,2010,4,46.65
1997,UT,2010,5,52
1998,UT,2010,6,66.675
1999,UT,2010,7,74.46
2000,UT,2010,8,71.095
2001,UT,2010,9,64.3125
2002,UT,2010,10,52.2675
2003,UT,2010,11,35.965
2004,UT,2010,12,32.8525
2005,UT,2011,1,23.8825
2006,UT,2011,2,28.99
2007,UT,2011,3,40.58
2008,UT,2011,4,45.4975
2009,UT,2011,5,52.3525
2010,UT,2011,6,64.505
2011,UT,2011,7,73.4075
2012,UT,2011,8,73.8975
2013,UT,2011,9,64.235
2014,UT,2011,10,50.835
2015,UT,2011,11,36.665
2016,UT,2011,12,-999.9
2017,VA,2008,1,35.8421052631579
2018,VA,2008,2,39.9736842105263
2019,VA,2008,3,46.6157894736842
2020,VA,2008,4,55.8052631578947
2021,VA,2008,5,60.9421052631579
2022,VA,2008,6,74.0684210526316
2023,VA,2008,7,74.7368421052632
2024,VA,2008,8,72.2894736842105
2025,VA,2008,9,68.0473684210526
2026,VA,2008,10,54.6631578947368
2027,VA,2008,11,43.9210526315789
2028,VA,2008,12,39.7263157894737
2029,VA,2009,1,32.3
2030,VA,2009,2,38.5105263157895
2031,VA,2009,3,45.1105263157895
2032,VA,2009,4,55.4947368421053
2033,VA,2009,5,63.7631578947368
2034,VA,2009,6,71.5894736842105
2035,VA,2009,7,71.8315789473684
2036,VA,2009,8,75.2631578947368
2037,VA,2009,9,66.5368421052632
2038,VA,2009,10,54.9947368421053
2039,VA,2009,11,49.4157894736842
2040,VA,2009,12,35.3315789473684
2041,VA,2010,1,32.7052631578947
2042,VA,2010,2,31.3894736842105
2043,VA,2010,3,47.5052631578947
2044,VA,2010,4,58.7157894736842
2045,VA,2010,5,65.7894736842105
2046,VA,2010,6,76.0736842105263
2047,VA,2010,7,77.9421052631579
2048,VA,2010,8,75.9842105263158
2049,VA,2010,9,69.9210526315789
2050,VA,2010,10,57.8631578947368
2051,VA,2010,11,46.1526315789474
2052,VA,2010,12,29.9842105263158
2053,VA,2011,1,32.0578947368421
2054,VA,2011,2,40.6894736842105
2055,VA,2011,3,46.0473684210526
2056,VA,2011,4,58.0736842105263
2057,VA,2011,5,64.7263157894737
2058,VA,2011,6,73.478947368421
2059,VA,2011,7,77.8578947368421
2060,VA,2011,8,74.7421052631579
2061,VA,2011,9,67.8526315789474
2062,VA,2011,10,55.3368421052632
2063,VA,2011,11,49.4631578947368
2064,VA,2011,12,-999.9
2065,VT,2008,1,22.9125
2066,VT,2008,2,21.6
2067,VT,2008,3,27.025
2068,VT,2008,4,46.6
2069,VT,2008,5,51.725
2070,VT,2008,6,65.7625
2071,VT,2008,7,69.05
2072,VT,2008,8,65
2073,VT,2008,9,60.2625
2074,VT,2008,10,45.475
2075,VT,2008,11,36.1625
2076,VT,2008,12,23.85
2077,VT,2009,1,11.8875
2078,VT,2009,2,21.65
2079,VT,2009,3,30.9375
2080,VT,2009,4,44.475
2081,VT,2009,5,54.05
2082,VT,2009,6,62.075
2083,VT,2009,7,66.275
2084,VT,2009,8,68.0875
2085,VT,2009,9,57.475
2086,VT,2009,10,44.0625
2087,VT,2009,11,40.725
2088,VT,2009,12,23.2375
2089,VT,2010,1,21.4375
2090,VT,2010,2,24.55
2091,VT,2010,3,37.175
2092,VT,2010,4,47.975
2093,VT,2010,5,57.85
2094,VT,2010,6,63.75
2095,VT,2010,7,71.4875
2096,VT,2010,8,67.3625
2097,VT,2010,9,60.8125
2098,VT,2010,10,46.675
2099,VT,2010,11,36.5125
2100,VT,2010,12,21.9
2101,VT,2011,1,17.125
2102,VT,2011,2,18.5625
2103,VT,2011,3,28.825
2104,VT,2011,4,43.225
2105,VT,2011,5,57.5
2106,VT,2011,6,63.7
2107,VT,2011,7,70.4
2108,VT,2011,8,67.8625
2109,VT,2011,9,62.4875
2110,VT,2011,10,49.8875
2111,VT,2011,11,42.2
2112,VT,2011,12,-999.9
2113,WA,2008,1,31.0704545454545
2114,WA,2008,2,38.1363636363636
2115,WA,2008,3,40.3863636363636
2116,WA,2008,4,43.6954545454545
2117,WA,2008,5,55.0886363636364
2118,WA,2008,6,58.0090909090909
2119,WA,2008,7,65.6068181818182
2120,WA,2008,8,65.4772727272727
2121,WA,2008,9,58.7
2122,WA,2008,10,48.5590909090909
2123,WA,2008,11,43.4909090909091
2124,WA,2008,12,29.7772727272727
2125,WA,2009,1,32.8590909090909
2126,WA,2009,2,36.2886363636364
2127,WA,2009,3,38.8159090909091
2128,WA,2009,4,46.9022727272727
2129,WA,2009,5,54.5568181818182
2130,WA,2009,6,62.2454545454545
2131,WA,2009,7,68.5409090909091
2132,WA,2009,8,66.4886363636364
2133,WA,2009,9,61.4704545454546
2134,WA,2009,10,47.1340909090909
2135,WA,2009,11,41.45
2136,WA,2009,12,29.9409090909091
2137,WA,2010,1,39.8068181818182
2138,WA,2010,2,41.6772727272727
2139,WA,2010,3,44.0136363636364
2140,WA,2010,4,47.4409090909091
2141,WA,2010,5,51.4318181818182
2142,WA,2010,6,58.3295454545455
2143,WA,2010,7,65.1386363636364
2144,WA,2010,8,64.7909090909091
2145,WA,2010,9,59.0431818181818
2146,WA,2010,10,50.6795454545455
2147,WA,2010,11,38.0386363636364
2148,WA,2010,12,35.7659090909091
2149,WA,2011,1,35.0068181818182
2150,WA,2011,2,34.3636363636364
2151,WA,2011,3,41.5295454545455
2152,WA,2011,4,43.1113636363636
2153,WA,2011,5,50.9068181818182
2154,WA,2011,6,58.125
2155,WA,2011,7,62.7795454545454
2156,WA,2011,8,65.8590909090909
2157,WA,2011,9,62.0181818181818
2158,WA,2011,10,49.3977272727273
2159,WA,2011,11,38.0045454545455
2160,WA,2011,12,-999.9
2161,WI,2008,1,16.195652173913
2162,WI,2008,2,14.5869565217391
2163,WI,2008,3,26.8260869565217
2164,WI,2008,4,44.1826086956522
2165,WI,2008,5,52.9304347826087
2166,WI,2008,6,65.3826086956522
2167,WI,2008,7,69.7826086956522
2168,WI,2008,8,67.3739130434783
2169,WI,2008,9,61.7260869565217
2170,WI,2008,10,47.6130434782609
2171,WI,2008,11,34.804347826087
2172,WI,2008,12,14.4130434782609
2173,WI,2009,1,7.8304347826087
2174,WI,2009,2,21.9913043478261
2175,WI,2009,3,31.4478260869565
2176,WI,2009,4,43.804347826087
2177,WI,2009,5,55.9826086956522
2178,WI,2009,6,64.3739130434783
2179,WI,2009,7,64.5086956521739
2180,WI,2009,8,65.6391304347826
2181,WI,2009,9,62.1478260869565
2182,WI,2009,10,43.3173913043478
2183,WI,2009,11,41.2739130434783
2184,WI,2009,12,20.1434782608696
2185,WI,2010,1,16.5173913043478
2186,WI,2010,2,21.495652173913
2187,WI,2010,3,38.2217391304348
2188,WI,2010,4,50.5217391304348
2189,WI,2010,5,58.0826086956522
2190,WI,2010,6,66.1260869565217
2191,WI,2010,7,72.1826086956522
2192,WI,2010,8,71.4652173913043
2193,WI,2010,9,58.3521739130435
2194,WI,2010,10,50.8521739130435
2195,WI,2010,11,36.504347826087
2196,WI,2010,12,18.0695652173913
2197,WI,2011,1,13.9652173913043
2198,WI,2011,2,19.9130434782609
2199,WI,2011,3,29.5521739130435
2200,WI,2011,4,42.4652173913043
2201,WI,2011,5,54.295652173913
2202,WI,2011,6,64.9434782608696
2203,WI,2011,7,73.8217391304348
2204,WI,2011,8,69.3
2205,WI,2011,9,58.2086956521739
2206,WI,2011,10,50.5217391304348
2207,WI,2011,11,37.8391304347826
2208,WI,2011,12,-999.9
2209,WV,2008,1,31.3230769230769
2210,WV,2008,2,34.8538461538462
2211,WV,2008,3,42.4538461538462
2212,WV,2008,4,55.0769230769231
2213,WV,2008,5,57.6076923076923
2214,WV,2008,6,70.4615384615385
2215,WV,2008,7,71.5153846153846
2216,WV,2008,8,69.7923076923077
2217,WV,2008,9,67.3692307692308
2218,WV,2008,10,52.3538461538462
2219,WV,2008,11,40.5846153846154
2220,WV,2008,12,35.5846153846154
2221,WV,2009,1,27.2615384615385
2222,WV,2009,2,34.0307692307692
2223,WV,2009,3,44.6846153846154
2224,WV,2009,4,52.9923076923077
2225,WV,2009,5,61.9153846153846
2226,WV,2009,6,68.8923076923077
2227,WV,2009,7,68.6461538461539
2228,WV,2009,8,71.9769230769231
2229,WV,2009,9,65.0538461538462
2230,WV,2009,10,51.5461538461538
2231,WV,2009,11,47.6461538461538
2232,WV,2009,12,32.8076923076923
2233,WV,2010,1,28.1384615384615
2234,WV,2010,2,27.6461538461538
2235,WV,2010,3,44.0384615384615
2236,WV,2010,4,55.9230769230769
2237,WV,2010,5,63.8923076923077
2238,WV,2010,6,72.5384615384615
2239,WV,2010,7,74.5538461538462
2240,WV,2010,8,74.0384615384615
2241,WV,2010,9,65.9769230769231
2242,WV,2010,10,54.6076923076923
2243,WV,2010,11,43.5
2244,WV,2010,12,25.9384615384615
2245,WV,2011,1,27.3076923076923
2246,WV,2011,2,37.0615384615385
2247,WV,2011,3,43.1384615384615
2248,WV,2011,4,55.7
2249,WV,2011,5,62.6769230769231
2250,WV,2011,6,70.1692307692308
2251,WV,2011,7,76.0692307692308
2252,WV,2011,8,72.2153846153846
2253,WV,2011,9,65.9
2254,WV,2011,10,52.9615384615385
2255,WV,2011,11,47.2384615384615
2256,WV,2011,12,-999.9
2257,WY,2008,1,17.1965517241379
2258,WY,2008,2,25.0689655172414
2259,WY,2008,3,30.7413793103448
2260,WY,2008,4,37.5310344827586
2261,WY,2008,5,49.2172413793103
2262,WY,2008,6,58.7586206896552
2263,WY,2008,7,68.848275862069
2264,WY,2008,8,66.1172413793103
2265,WY,2008,9,54.3965517241379
2266,WY,2008,10,43.9827586206897
2267,WY,2008,11,36.9068965517241
2268,WY,2008,12,19.5241379310345
2269,WY,2009,1,23.7931034482759
2270,WY,2009,2,27.948275862069
2271,WY,2009,3,32.3862068965517
2272,WY,2009,4,40.0172413793103
2273,WY,2009,5,52.3241379310345
2274,WY,2009,6,57.5379310344828
2275,WY,2009,7,65.4448275862069
2276,WY,2009,8,63.5172413793103
2277,WY,2009,9,59.2
2278,WY,2009,10,36.9103448275862
2279,WY,2009,11,35.1310344827586
2280,WY,2009,12,15.1655172413793
2281,WY,2010,1,21.7862068965517
2282,WY,2010,2,22.4310344827586
2283,WY,2010,3,35.6551724137931
2284,WY,2010,4,41.2896551724138
2285,WY,2010,5,46.1172413793103
2286,WY,2010,6,59.4689655172414
2287,WY,2010,7,66.8241379310345
2288,WY,2010,8,66.2379310344828
2289,WY,2010,9,57.5172413793103
2290,WY,2010,10,48.5551724137931
2291,WY,2010,11,29.7689655172414
2292,WY,2010,12,24.7310344827586
2293,WY,2011,1,21.0413793103448
2294,WY,2011,2,18.7965517241379
2295,WY,2011,3,33.4206896551724
2296,WY,2011,4,39.2310344827586
2297,WY,2011,5,45.9275862068965
2298,WY,2011,6,58.8
2299,WY,2011,7,69.3931034482759
2300,WY,2011,8,68.2448275862069
2301,WY,2011,9,58.1310344827586
2302,WY,2011,10,46.4965517241379
2303,WY,2011,11,30.2586206896552
2304,WY,2011,12,-999.9
